titulos,companias
Copy Creativo,Involve
Coordiandor de Mercadotecnia y Publicidad,PlayCity Casino
Analista de Diseño,Rytsacolor s.a. de c.v.
Senior Project Manager (Construcción de Interiores),Confidential Priviately-Held Company
Diseñador Animación 3D Arquitectura,Involve
Junior Graphic Designer,The BeeHive Studio
Arquitecto Diseñador de Láminas y presentación visual Arquit...,Involve
Encargado de Mercadotecnia,Operadora de Instituciones Escolares
Digital Marketing Manager,Andari
Diseñador,DULCERIA ITALIANA S DE RL DE CV
Community Manager,AGENCIA DE AUTOS
OPERATIVO DE CAPACITACIÓN A,Instituto Nacional Electoral
Auxiliar Administrativo,CMS Seguridad Privada
Analista de Biología Molecular,"LABORATORIOS DE ESPECIALIDADES INMUNOLÓGICAS, S.A...."
Diseñador Jr.,Pixmi
Diseñador Curricular,Innova Schools
DISEÑO DE MOBILIARIO,Modifica
Director de Arte / Líder de Diseño,Figment
becario diseño grafico,GIMX INDUSTRIAL GROUP MEXICO S A S DE CV
Practicas Profesionales proyecto sobre PERROS,Leaderlix
Social Media Manager,Latam Business School
DISEÑADOR GRAFICO (EMPRESA INMOBILIARIA),Corporativo Kamaji
Diseñador de preprensa,ETICOM
JEFE DE INGENIERIA Y DISEÑO,EMPAQUES MODERNOS PEOSA
DECORADORA DE INTERIORES,ATTIMIS SA DE CV
GERENTE DE DISEÑO,MONUMENTOS PUBLICITARIOS S DERL DE CV
Licenciatura en Diseño,OFFSET IMPRENTA SA DE CV
Diseñador Multimedia,Grupo Ambidieztros
Diseñador Gráfico,TCO
Diseño Gráfico,soltar impresores sa de cv
Vendedor línea mascota,"ALBAOSA, S.A DE C.V."
Diseñador Gráfico,GRUPO SILKA
Diseñador Gráfico Sr.,Ideas Dentales
Secretaria Administrativa,"DISEÑOS Y CONSTRUCCIONES INTEGRALES SANTA MONICA,..."
Asesor comercial en diseño de interiores.,Workbox
Director de Mercadotecnia,GRUPO FERNANDEZ
Traductor(a),"Servicios Interempresariales, S.C."
COMUNICACIÓN INTERNA,Bumeran
Diseñador gráfico exp en publicidad,Involve
Asistente de diseño,Renata Pasteles
DISEÑADORA,COSMETICA INTERNACIONAL MIGUETT S.A. DE C.V.
Diseñador,NEO CONCEPTO EN MUEBLES S.A. DE C.V.
Diseño Gráfico Web,Grupo 30 inventos
Diseñador Industrial,TAIMSA CORPORACIÓN INDUSTRIAL MÉXICO S.A DE C.V
Diseñador Industrial,Paris México Design SA de CV
Diseñador Gráfico,ALSTER S.A. DE C.V.
Catalogador - Antigüedades,Morton Subastas SA de CV. Ciudad de México
Community Manager,Andari
Marketing B2B,BullishMX
PROJECT MANAGER,Otagroup
Diseñador Gráfico,SOMA MTEXPERTS
RESPONSABLE JURIDICO,ASECON
Diseño Gráfico,Grupo 30 inventos
DISEÑADOR INDUSTRIAL,Coin City Vending S.A. de C.V.
Coordinador de Operaciones,LOGYT SA DE CV
Diseñador Gráfico,Club Montesur
Marketing digital,"ALBAOSA, S.A DE C.V."
Becario de Diseño Planta Externa,GRUINTEL SA DE CV
DISEÑO MEC INSTR TRABAJO INTEGRA PLAN ESTRATÉGICA OXM MÉXICO...,"Oxfam México, A.C."
Analista Técnico,MD PEOPLE SAS DE CV
"Administrador de redes sociales, paginas web, plataformas di...",SAVIS COFFE
Diseñador UX,PlanetMedia
ASISTENTE COMERCIAL,GO SERVICIOS
Visual Merchandiser - Edo de México,Republic Cosmética
Community Manager,Pixmi
SUBWAY REQUIERE DE AYUDANTES GENERLES SUCURSAL TAXQUEÑA,Mercadeo Diseño y Promoción S.A DE C.V
Project Manager (Diseño Industrial),DUCO LAB
Diseñador gráfico,LocMent
Diseñador Gráfico,Transcomunicador (Mexibus Linea 2)
Diseñador de etiquetas y cajas de cartón,Aliato
Docente de Diseño de modas,Universidad Lux
Marketing Digital y Diseño,Academia Europea
Diseñador gráfico- editorial,Residente Restaurant Media
DISEÑADOR INDUSTRIAL/ GRAFICO,PUBLICIDAD MODERNA
Product Manager,Otagroup
Community Manager,DESERTIKA SPA
Pasante de Marketing,CENTURY 21 HOUSE HUNTERS
Auxiliar cadista (autocad),ELECTROGIGA S. DE R.L DE C.V
Diseñador Mecánco,Zoraida Robles
Documentador de procesos,Consultoria cibreseguridad SAPI
"Ing. en Sistemas, TI o Electrónica. Experto en E-COMERCE´",Centro Maguen David
Marketing Digital,CEMSA
Coordinador de Cableado Estructurado,Sertres
Informática I,Universidad Técnologica de México
Facilitador Changemanagement- Storytelling Empresarial,Soluciones especializadas en Desarrollo Humano
Content Manager,Broxel Servicios
Coordinador Académico (Instituto de Idiomas),Staff Selection
Jefe de frente-obra civil,CAABSA EDIFICACIÓN SA DE CV
FERIA VIRTUAL DOCENTE CAMPUS TLALPAN- REGISTRO,Laureate Internacional Universities
MERCA DIGITAL (Home Office),Conexión Empleo
Coordinación Escolar,Instituto Mexicano de Flebología
Dibujante Solid Works,Elastameros TAZA
GERENTE DE UNIDAD DE NEGOCIO,JN CONSULTORES
Community Manager,Prestadora de Servicios 3 Styk
Diseñador Grafico,Encargada de Diseño Grafico
Community Manager en Marketing Digital,Siafu Electronics SA de CV
Gerente de Seguridad,Maguen Team SA. de CV.
Auxiliar de Diseño,Grupo Veljim
Soporte Técnico,HDE PROFESSIONAL SERVICES
Mercadóloga exp Diseño $4mil neto mensual 5hrs al día L-V CO...,Everbest Consultores
Especialista RH Comunicacion (Temporal 5 Meses),"Mediméxico, S. de R.L. de C.V."
Programador SR,Estrategia Tecnologica
Auxiliar de Almacén - ESTAFETA,3R Respuesta Rápida en Reclutamiento
CONTADOR,PRISMACORP
Gerente de Logística,APSIS
Técnico instalador,Quattrocm
Ecommerce Gerente,Medimarcas Sa de CV
Técnico CNC,Teleflex Medical
Diseñador Web - Ecommerce,Carto Regio
PROGRAMADOR ESPECIALISTA EN ERP EPICOR,ZYR CONSULTINGP GROUP
MECANICO APARATISTA ESPECIALIZADO EN RECTIFICADO,PRECISION METAL STAMPING
QA Automatizado (Selenium),CAPITAL EMPRESARIAL HORIZONTE SA DE CV
Practicante de Mercadotecnia,Crucero Ferreterías
Ejecutivo Comercial,Corporativo RILEA
Asesor de crédito,MÁSKAPITAL
Técnico Instalador y de servicios,Codigo Blanco
"Dibújate recién egresado (Autocad, Skepchup)",Distribuidora El Florido S.A de C.V
Programador con experiencia en automatización,American Group Corporation
carpintero oficial,Taller de carpintería
ASITENTE PROJECT MANAGEMENT,EVC Consultores
Diseñador Gráfico y Web,Consultorio Médico Privado
BHJOB15656_15528 - Operations Manager,Myticas Consulting
Programador Analista,SIMNSA
Diseñador Gráfico,"Serialle, S. de R.L. de C.V."
Docentes para Diseño de Contenidos en Línea,Universidad Metropolitana de Monterrey
CONSEJERO EN ADICCIONES (VENTAS TELEFÓNICAS),PROGRAMAS CLÍNICOS OCEÁNICA SA DE CV
Profesor para licenciatura en entretenimiento y gestión de m...,Escuela Bancaria Comercial
Staff Multifuncional,Autocinema Coyote S.A. DE C.V.
ING. COMUNICACIONES Y ELECTRÓNICA (Acústica),TELEVISIÓN MEXICANA
ING. COMUNICACIONES Y ELECTRÓNICA (Acústica) - Matutino,TELEVISIÓN MEXICANA
Oferta laboral Price Shoes,Price Shoes
STAFF MULTIFUNCIONAL AUTOCINEMA COYOTE POLANCO,Servicios Profesionales en RH
PERSONAL DE COCINA AUTOCINEMA SEDE INSURGENTES,Servicios Profesionales en RH
COBRANZA TELEFÓNICA - EXTRA JUDICIAL COBRANZA A PENSIONADOS...,Cajiga & Asociados Abogados
Supervisora contable,Global Entertaiment firm
Ayudantes de Cocina,Autocinema Coyote S.A. DE C.V.
CAJERO ANFITRIÓN,PlayCity Casino Puebla
ANIMADOR,GRUPO PALACE RESORTS
GERENTE DE PLANTA,MEXICANA DE RECIPIENTES A PRESIÓN S A DE C V
staff multifuncional,ARENA THE PLACE TO PLAY
Contador Senior,Global Entertaiment firm
Analista de Impuestos,Nubaj
Edecán,Price Shoes
Contador de producción,Global Entertaiment firm
ASESOR DE INTERNET DE CAMPO,A-Móvil
mantenimiento general,Forest of roots
Administrador de Sucursal Plaza Portal Centro,Recórcholis
Ultimas contrataciones evitando cancelaciónes 6hrs,"Grupo Promotora Masiva de Seguros, Agente de Segur..."
Cocineros,Autocinema Coyote S.A. DE C.V.
Almacenista Nocturno,Price Shoes
Cajero/Vendedor,Price Shoes
SUPERVISOR DE VENTAS,SERVICIOS DE ADMINISTRACIÓN DE PERSONAL
Ultimas contrataciones 6 hrs diarias,"Grupo Promotora Masiva de Seguros, Agente de Segur..."
Administrador General,ACUÁTICA ANV
Promotores de Ventas,Ggroup
Auxiliar de Intendencia,Price Shoes
EJECUTIVO DE ATENCIÓN A CLIENTES (CONTACT CENTER),IENTC Telecomunicaciones
Promotor de Telefonía Móvil,A-Móvil de Telcel
Promotor de Cambaceo Zona Vallejo,Price Shoes Vallejo
Promotora de Ventas,Ggroup
Prevención de Pérdidas,Price Shoes
Coordinador de Métodos y Procedimientos,Page Personnel México
Ejecutivo telefónico,GRUPO FINANCIERO BANORTE
Diseñador web-medio tiempo,OPICH S.A. DE C.V.
Analista Administrativo Zona Oblatos,Recórcholis
Gerente de Marketplace,Confidential Priviately-Held Company
Verificador,Price Shoes
Diseñador Web,Operaciones Implementadas en la Productividad del...
Chofer Vendedor a Detalle,A-Móvil de Telcel
Asesor de Crédito,Price Shoes
Promotor PriceShoes Sucursal Ecatepec,Price Shoes Ecatepec
Asesor de Negocios Aguascalientes,BANCO FORJADORES S. A. INSTITUCION DE BANCA MULTIP...
Staff Multifuncional,Gin group
Coordinador de Métodos y Procedimientos,Page Group
Promotor de Cambaceo,PriceShoes Suc. Ixtapaluca
Promotor Telcel ***San Pedro de los Pinos***,A-Móvil
Vendedor Comisionista (Cambaceo),Price Shoes
Asesor de ventas,Autofinauto
Promotor de TELCEL a pie *** Zona Toreo***,A-Móvil
Promotora (Casino),Win Systems Group
Promotor de Cambaceo,PriceShoes Mexico
Operadores de atracciones Explanada Pachuca,GIN INTERLOMAS
Jefe de Mantenimiento///Paseo Querétaro///,GIN INTERLOMAS
Auxiliar de Mantenimiento General,Gin group
Especialista de Servicio y Ventas,AGT GAMING
Promotor de Cambaceo,Price Shoes Arco Norte
Auxiliar Contable / Empresa internacional,Pay Human Link S.A. de C.V.
Consultor APPIAN/BPM,MBGE
Asesores Comerciales,Alcis Corp
Ayudante de mantenimiento Torre Esmeralda///Metro auditorio/...,GIN INTERLOMAS
Promotor de Cambaceo Comisionista,PriceShoes Suc.Iztapalapa
Promotor de Internet Telcel en Campo Zona Toreo,A-Móvil
Empleo 1/2 Tiempo Agente Telefónico Descanso Domingo Fijo,Comdata
Ejecutivo Megamovil,Megacable
Promotor de piso *** Bets buy Patriotismo ***,A-Móvil de Telcel
Vendedor de Cambaceo,PriceShoes Suc. Ixtapaluca
Asesor de Ventas *** Best Buy Patriotismo ***,A-Móvil
Promotor de Cambaceo Zona Ecatepec,Price Shoes Ecatepec
promotor de ventas en campo,Price Shoes Vallejo
Promotor PriceShoes Sucursal Vallejo,Price Shoes Vallejo
Ejecutivo Telefonico en Ventas- Seguros de Auto,Grupo Promass
Ejecutivo de Venta Automotriz - Cancun,Grupo Autofin Monterrey
Vendedor de Cambaceo,Price Shoes Arco Norte
Auxiliar de Limpieza ***FINES DE SEMANA***,Kataplum
Staff mutifuncional Explanada Culiacan,GIN INTERLOMAS
Paramédico Paseo Querétaro,GIN INTERLOMAS
repartidor en moto,Corporativo Brego
promotor de Ventas Cambaceo,PriceShoes Suc. Iztapalapa
Customer Service Representative,Real Team Realty
Asesor Hipotecario,KIRON SERVICIOS FINANCIEROS
OFICIAL DE CUMPLIMIENTO /CERTIFICADO,Financiera SOFOM
ASESOR DE VENTAS TÉCNICAS,Expertos RH
INGENIERO COMERCIALIZADOR DE EMPAQUE,Expertos RH
ATENCION Y VENTAS AL CLIENTE,FERHANN SA DE CV
Supervisor de Seguridad y Medio Ambiente,IN TIME CONTROL SA DE CV
Asesor de Seguros,Grupo Phyxius
Ejecutivo de ventas y atención a clientes,FERHANN SA DE CV
"Asesoría Digital Castorena (Ciudad de México, Santa Fé)",BBVA
"Asesoría, Soporte y Atención al cliente L-V",R-M.C
Ejecutivo de ventas,PRO FUTURO SA DE CV
ATENCIÓN A CLIENTES - 5 HORARIOS DE 1/2 TIEMPO,A T RYS
Atención y venta al cliente,FERHANN SA DE CV
"Asesoría Digital (Xicotepec, Puebla)",BBVA
Asesoría Digital (Edo. Mex. Texcaltitlan),BBVA
"Asesoría digital (Monclova, Coahuila)",BBVA
Asesor Especializado en Créditos Hipotecarios,Kíron Gesfin Poniente/ Mixcoac
Pasante Fiscal,A&C Asesoría y Consultaría en Seguridad Social
"Asesoría Digital (Cancùn, Quintana Roo)",BBVA
APOYO EN ACTIVIDADES ACADEMICAS,ASJUFI ASESORIA LEGAL S.C.
Asesor Financiero,KIRON SERVICIOS FINANCIEROS
asesor de ventas,INTERCERAMIC
Coordinador de Atención al Alumno,Universidad Tecnológica de México
Encargado Cosmetólogo,Kaizen Consultoria
Auxiliar Administrativo,MGGL
Mesa de Ayuda / Call Center,CENTRAL DE ALARMAS DE MEXICO SA DE CV
Lideres en Asesoría Financiera (FRANQUICIAS),RHHR
Arribador de siniestros,Grupo Mas
Promotora Comercial Lunes a Viernes Sueldo Base,Financiera S.A de C.V.
Especialista Legal,Seguros SURA México
SUBCHEF Y CAPITAN DE MESEROS,ASESORIA LOGISTICA PROYECTOS Y EQUIPO
EHS Engineer,Thermo Fisher Scientific
Auxiliar Administrativo,Hyundai Perinorte
supervisor de ventas,Grupo de la Rosa
ANFITRION DE ISLA EN CENTRO COMERCIAL,MARKETSHOP
Ventas corporativas sector gobierno,Financiera para el retiro S.A de C.V.
ATENCIÓN A CLIENTES - 1/2 jornada,R.B.G
VENDEDORA DE PISO (BOUTIQUE DE ALTA GAMA),Consulting HR
Asesor de ventas en Sector Educativo,Universidad Humanitas
Ingeniero de servicio- biomédico,SERVICIOS DE INGENIERIA EN MEDICINA S.A DE C.V
Líder Jurídico CORPORATIVO,S. A. de C. V
Supervisor de Produccion - Maquila,Emsan Consultoria y Asesoria SA de CV
Aprendiz de Estilista Canino - Petco Santa Fe,PETCO
Vendedor / Via Morelos,Interceramic
Asesor de Bienes Raíces - Comisionista,LOGISTICACT
Promotora de ventas corporativas Lunes a Viernes,Financiera S.A de C.V.
Consultor Senior,CN Consulting
LABORATORISTA,CEMEX
Ejecutivo de Ventas Alta Tecnología Médica Rama Dermatológic...,"Kevork Instruments, S.A. de C.V."
Auxiliar de Procesos Operativos,"Secretaría de Finanzas, Inversión y Administración"
Jefe de Sistemas,Hospital San Angel Inn Chapultepec
Agente telefónico,Active Finance
Soporte Técnico,Human Capital
ASESOR DE SERVICIO AL CLIENTE - EVENTUAL,TELCEL
Analista de Mesa de Control,Emsan Consultoria y Asesoria SA de CV
Ingeniero de soporte y atención a cliente,EOS Project México
Relaciones Públicas - sin Experiencia,
Asesor telefónico- Turno vespertino,Universidad Tecnológica de México
Supervisor de Activaciones,SKY
ASESOR FINANCIERO HIPOTECARIO,CONSULTORIA MASSFINH SA DE CV
"Asesoría y Ventas, L a V, Capacitación, Prestaciones ¡Excele...",FUTURO FINANCIERA S.A. DE C.V.
Ejecutivo de Ventas Telefonicas/ Medio Tiempo,GGS
Tecnico en electronica,TCO
Vendedor de servicios,TigerTeam
Especialista administrativo de Recursos Financieros,"Compañía Mexicana de Exploraciones, S.A. de C.V."
EJECUTIVO DE VENTAS LUNES A VIERNES / PAGO SEMANAL*,Financiera Pro Futuro
Asesor Patrimonial - HOME OFFICE!!!,Prudential Financial
Subgerente de sucursal,Grupo Scorpion Mexico S.A de C.V
Vendedor / CUAUTITLAN,Interceramic
Ingeniero Mecatrónico o afín,BADESA
Ventas industriales Monterrey,Talento Humano
Asesora Digital,Platimex
Asesor Financiero/ sin experiencia,Consultoria Finhmass
CLASIFICADOR Y GLOSADOR ARANCELARIO,North Star Cargo Servicios S de RL de CV
ASESOR A CLIENTES EVENTUAL,TELCEL
GERENTE VOLANTE,AUTODINERO
VENDEDOR DE CAMPO,FYTTSA - TRUPER
PELUQUERO CANINO- PETCO TAMPICO,Petco
ASESOR FINANCIERO y COBRANZA Junior,Construyendo Vínculos de Capital Humano
Encargado de recibo e inventarios - GIRO RETAIL,PETCO
Atención Alumno,UNIVERSIDAD CNCI
Recepcionista / Auxiliar Administrativo,Alianza Outsourcing
Vendedor de Piso,Truper Servicios
Asesor de ventas lubricantes (zona sur cdmx),Energía y Lubricantes Especializados
Ejecutivo de ventas/ Equipo Laboratorio,GRUPO HS CAPITAL HUMANO
Consultor FIORI,AE Corporativa
Asesor Financiero,Kiron Mexico Finh
Ejecutivo telefónico lunes a viernes,TRES R Respuesta Rapida Reclutamiento
EJECUTIVO DE CUENTA BENEFICIOS GMM,LOCKTON
Asesoría al cliente y Ventas Naucalpan,CORPORATIVO DE SERVICIOS GIN MAUSOLEOS
SISTEMAS,CORPA
Mantenimiento a plantas Electricas,GRUPO ARBA
HR Intern corporate citizenship y D&I,Henkel
Desarrollador de fuerza de ventas,Proyecta tu Futuro
ASESORÍA TELEFÓNICA - JORNADA DE 1/2 TIEMPO,AT R YS
Vendedor de Piso y Cajero SWAROVSKI Antea,People Connection
Asesores de ventas en campo Guaymas,NETWEY
Ejecutivo de Ventas Financieras,PROFU
Asesor de Seguros,CL2M Consultores
Enfermero especialista,Christus Muguerza Sistemas Hospitalarios S A de C...
Asesor Financiero,PROFU
ESTILISTA CANINO - PETCO AVERANDA,Petco
"Coordinador de cámaras, alarmas, CCTV, etc.",GRUPO ATS SEGURIDAD EMPRESARIAL
Asesor Patrimonial,Integra Broker Master
MONTERREY - PROMOTORA DE COSMÉTICOS PINK UP,PINK UP COSMETICS
ASESOR PREVISIONAL IMSS E ISSSTE,INVERCAP
ASESOR DE VENTAS,Elektra
Asesor comercial/ Contratación Inmediata,InverCap Afore
ASESOR DE VENTAS FINANCIERO,AFORE INVERCAP SA DE CV
PROMOTOR DE CRÉDITO,COMPARTAMOS BANCO
Ejecutivo de Ventas !!! Excelente comisiones semanales !!!,InverCap Afore
Ejecutivo de Ventas Mayoreo,Ag Comunicaciones
Asesores comerciales en campo Puerto Vallarta,NETWEY
Asesor de ventas cambaceo,Torres Corzo Nissan Sur
CHOFER REPARTIDOR ALMACENISTA,CUPRUM
"Work From Home, No sales - Bilingual Agent",HTG
Asesor comercial (motores eléctricos),Talented Partners
Urge Tecnico Instalador de Fibra Optica,Presea Asesoria en Calidad Empresarial
Asesor de Ventas SWAROVSKI Querétaro,People Connection
Asesor de ventas de AFORE .g.,InverCap Afore
Ejecutivo Financiero/Prestaciones superiores a las de ley,InverCap Afore
Asesor Financiero de Crédito,Laborika
EJECUTIVO DE VENTAS / LUNES A VIERNES,Financiera Pro Futuro
Promotor financiero en campo,Laborika
Repartidor de Cilindros de Oxigeno con Licencia FEDERAL B o...,Linde Gas
Asesor de Crédito Huejutla de Reyes,CAME - Centro de Apoyo al Microempresario
GERENTE EX AFORE PARA BROKER SURA/ SAN LUIS POTOSI,AFORE SURA
VENDEDOR DE PISO / MAS VISION WALMART ESFERA QUERETARO,MÁS VISIÓN
BEAUTY COACH GOC MAKE UP - PASEO MONCLOVA,Goc make up
promotor de credito,CALZZAPATO SA DE CV
ESTILISTA CANINO - PETCO RIO MAYO,Petco
ASESOR DE TIENDA,Elektra
Conductor Retail - Guadalajara,Linde Gas
Asesor Financiero,Sector Financiero
Ventas Telemarketing,GRUPO GIN
PROMOTOR DE VENTAS Y ATENCION AL CLIENTE,GIRO FUNERARIO
Asesor de ventas financieras,Forjando el futuro
VENDEDOR DE MOSTRADOR,"COMAR COMERCIALIZADORA S.A. DE C,.V"
Chofer repartidor de Cilindros de Oxigeno - Guadalajara,Linde Gas
Ejecutivo de Ventas Financieras,Forjando el futuro
Chofer repartidor local con licencia Federal E - Puerto Vall...,Linde Gas
AGENTE PROMOTOR DE AFORE SIN LIMITE DE INGRESOS,INVERCAP
Auxiliar de mostrador (paqueteria y mensajeria) - medio tiem...,UPS PUEBLA
"Asesoria Digital (Saltillo, Coah)",BBVA
Auxiliar Administrativo,COLCHAS CONCORD
Broker hipotecario,"Creditaria ""Roble Hipotecaria"" líder en el mercado cambiando vidas"
Asesor Financiero - Pago Semanal,InverCap Afore
Especialista de Licitaciones,Hi Empresarial Consultoria y Servicios de Factor H...
URGE AUXILIAR ADMINISTRATIVA PARA LABORAR EN TLALNEPANTLA,Monitoreo y Seguridad Privada
Becario Administración,Grupo Scorpion Mexico S.A de C.V
Auxiliar Técnico Administrativo,INSTITUTO NACIONAL ELECTORAL
Analista Administrativo,E-GLOBAL
Asistente administrativo,Administradora de cartera
Auxiliar Administrativo,ALUVRI S.A DE C.V
Auxiliar Contable (Tesoreria),Orthin Referencia Especializada S.A de C.V
Trainee Administración de Personal,AN GLOBAL DE MEXICO
AUXILIAR ADMINISTRATIVO,Recurso Confiable S.A de C.V
ADMISIÓN Y CAJAS,HOSPITAL ANGELES ROMA
Auxiliar de seguimiento de proyecto Junior,Programa de Resultados Electorales Preliminares. I...
Recepcionista/Auxiliar administrativo,Mejia y Sucesores S.C
Gerente de Administración,Outlet Deportes
Gerente de Procesos y Administración,C.onfidencial
Auxiliar Administrativo,DE&CA BIENES RAÍCES
Asistente Administrativo,Programa de Resultados Electorales Preliminares. I...
ASISTENTE EJECUTIVA,LOGÍSTICA
Analista Contable Administrativa,Soluciones RH grupo F
asistente administrativo jurídico,Secorse
PROGRAMA FORMATIVO COMERCIO EXTERIOR,SERVICIO DE ADMINISTRACION TRIBUTARIA
ASISTENTE DE TESORERIA,ALUVRI S.A DE C.V
GERENTE EN ATENCIÓN AL CLIENTE,WorkJob Mexico
Auxiliar de Reporteria,BANORTE
Gerentes de operaciones y Administración,CUADRIVIUM
AUXILIAR ADMINISTRATIVO,"INTEGRASOFT S,A DE C.V"
Analista de Administración de Personal-RH,Grupo Administrategia Outsourcing
Jefe de Administración y Finanzas,Tecnología y Servicio S.A. de C.V.
ASESOR INMOBILIARIO,Tecnocasa Mexico
COORDINADOR DE CIRCUNSCRIPCION,Instituto Nacional Electoral
Asistente Administrativo,Flexico S. de R. L de C.V
"Auxiliar Administrativo "" para Almacén """,Grupo RC
Becario de Administración de Proyectos TEMPORAL,"Laboratorios Higia, SA de CV"
Gerente de Tienda / PANDORA / Parque Delta,Pandora Jewelry
AUXILIAR ADMINISTRATIVO,AMSA PRESTADORA DE SERVICIOS
Auxiliar de Reclutamiento y Selección de Personal,Promohealth
Secretaria/o de Recepción,ACUMULADORAS ANÁHUAC
Auxiliar Administrativo,"Yale de México, S. A. de C. V."
Responsable de Compras,Ingeteam
Asistente Administrativo,KAVAK
Gerente Administrativo,SANY MEXICO
Asistente de Acreditaciones y Evaluaciones,UDEM
Jefe de Operaciones / SUPPLY CHAIN,Tiendas Atlas del Descanso
Coordinador de Fundación,"Control Tecnico y Representaciones, S.A. de C.V."
Copywriter,Latam Business School
ASISTENTE DE COMPRAS,SANBORNS
Residente de control de obra y presupuestos,CAABSA EDIFICACIÓN SA DE CV
Administrador,Puerto Getaria
PRACTICAS PROFESIONALES Y SERVICIO SOCIAL,SERVICIO DE ADMINISTRACION TRIBUTARIA
Asistente de Administracion de Personal,PRODUCTORA NACIONAL DE BIOLOGICOS VETERINARIOS
Comunity Manager,CREATOR MANAYER
Asistente Administrativo,Intelligens International
Coordinador Administrativo,Cocinas Jaguar
Administración/Servicio al cliente,Apoyo Radiológico Oral
Líder de suministro de materiales,Instituto Nacional Electoral
Administración de Personal,Hipercapita Soluciones S.A DE C.V
Auxiliar Administrativo Ventas,PISA
Auxiliar de Licitaciones,Hi Empresarial Consultoria y Servicios de Factor H...
Analista de Licitaciones,PHARMACUR SA DE CV
ATENCION A CLIENTES CIA CHAT,Anexa BPO
Asistente Administrativa,Corporativo Brego
Administrativa o Administrativo de Calidad,BIMBO S.A. DE C.V
RESIDENTE ADMINISTRATIVO DE OBRA,ARSANGO CONSTRUCCION
Ejecutivo de Reclutamiento y Selección,Prulife
Archivista,"AUTOTRANSPORTES ACATITLAN, S.A DE C.V"
Auxiliar Administrativo Almacén,"ABURTON, SA. DE C.V"
Docente nivel medio superior,Universidad Tecnológica de México
Secretaria administrativa,IRMA ELENA VENEGAS VÁZQUEZ
Asistente Administrativo,Industrias Notesa
Analista de Finanzas,COPPEL
Auxiliar administrativo,Adecco
Jefe de Compras,MD PEOPLE SAS DE CV
ANALISTA DE TESORERIA EN GASOLINERIAS,GRUPO POLTRE
Gerente Administrativo,Sincal
AUXILIAR ADMINISTRATIVO,GASTRONOMIA LAVAREZ
JEFE DE DEPARTAMENTO DE ADMINISTRACION,AGENCIA NACIONAL SEGURIDAD INDUSTRIAL Y DE PROTECC...
ANALISTA DE RELACIONES LABORALES,EFMA Y ASOCIADOS
Auxiliar Administrativo,Soluciones RH grupo F
Gerente de Administración de Personal,RESTAURANTE MADERO
Capturista de Datos,SERVICIOS ESPECIALIZADOS EN ATENCION DE SINISTROS...
Asistente administrativo,LORETO
ADMINISTRATIVA(O) PARA ÁREA DE PERSONAL / TEMPORAL,PASTELERIAS EL GLOBO
Abogado Corporativo (CONTRATOS) Y Control administrativo.,Grupo VRV
Jefe de Inventarios,Maypo
Administrador General,ALIZA TRANSPORTE
Supervisores/as telefónicos/as para ventas y atención a clie...,"Greenpeace México, AC"
Auxiliar Administrativo (PLD),YALE DE MEXICO S.A. DE C.V.
AUXILIAR DE RELACIONES PÚBLICAS,Hospital Angeles Lindavista
AUXILIAR ADMINISTRATIVO,SOLUCION EN TEMPERATURA S.A. DE C.V.
Auxiliar Administrativo,Tortillería y Productos Sinaloa
Cotizador/a de Proyectos/Artes Gráficas,Artes Gráficas Sanabria S.A de C.V
Entrenador Canino Jr Petco El Dorado,PETCO
Servicio Social y Practicas Profesionales,IMPULSORA VILLOSA
Asistente de atención a clientes,Autotransportes de Carga Tresguerras
LINUX,Capital Empresarial Horizonte
ESPECIALISTA EN IMPUESTOS,GRUPO PORRES - DIVISIÓN AZÚCAR
Auxiliar de Calidad,Grupo Cargoquin
Administrador de Flotilla Vehicular,Arrendadora de Autos con Alcance Internacional
Analista administrativo,Adecco
Coordinador de Distribución,FERNANDEZ HINOJOSA Y CIA GRUPO ADUANAL
COORDINADOR DE PATIO,Transportes Peñon Blanco
Project Manager,Acensblue
GERENTE GENERAL,GASES Y MATERIALES S DE RL DE CV
Encargado de Compras Sr.,Creatio Entornos
Gerente de Sucursal,COACERO S.A de C.V
Comprador senior de BU,Arioac
Asistente de Dirección,JW CONSULTORES
Auxiliar de Liquidaciones,grupo estrategia
Psicóloga Clínica,LA CANTERA DESARROLLOS MINEROS S.A. DE C.V.
Analista de Reclutamiento y Capacitación,DIERH TALENTO HUMANO
Administrador General,Love Tulum Real Estate
COORDINADOR DE OPERACIONES Y TRAFICO / FORWARDING,CGS
AUX. ADMINISTRATIVO,PERFILES Y TRANSPORTADORES BOSCH DE GTO
Coordinador de Servicios para Montacargas,Gmex
Gerente de Infraestructura,PUNTO AGAVE
Recepcionista / Auxiliar Administrativo,Grupo Cucsa
Administrador (a) de garantías,COMPAUTOS DE DURANGO
GERENTE DE VENTAS,Kondinero
Ejecutivo Territorial de Ventas CDMX – Equipo de Seguridad,Chronos Consulting
Gerente de Sucursal,Todomoda
Gerente de sucursal - Coapa,Novalaser
Almacenista,Confidencial - Ind. Química
Servicio Social: Auxiliar Administrativo Contable,CICDE Consultores
"Atención a clientes - $7,430 MXN + Bonos (Monterrey)",Randstad
Gerente de sucursal - Insurgentes Sur/San Jerónimo,Novalaser
Becario Administrativo,PANADIS S.A DE C.V
RECLUTADOR / A,COMPAÑIA DE SEGURIDAD PRIVADA
Asesor Patrimonial,Tu Hipoteca Fácil
Analista de Cuentas por Cobrar -Deducciones,Solutions 2 GO
JEFE DE CONTABILIDAD,Telecomunicaciones de Mexico
Director de Administración y Finanzas,Formularios De México S.A DE C.V
Gerente Administrativo y Finanzas,Merik S.A de C.V.
Analista de Servicio al Cliente (Proceso desde el pedido a l...,Human Trendi
Contralor General,Periódico El Economista
Gerente de Finanzas,Derex Desarrollo Residencial
Compras y finanzas,EOS Project México
BECARIO FINANZAS DHL SUPPLY,FUNDACION NEMI A.C.
GERENTE DE ADMINISTRACION Y FINANZAS,Human Finder
Analista de Finanzas Bursátiles,Platimex
Gerente de Finanzas y Contabilidad,MD PEOPLE
Jefe de Finanzas,FCM
Gerente de Operación Administración y Finanzas,GRUPO COMERCIAL OUTSOURCING EN RECURSOS HUMANOS SA...
Sous Chef,Grupo Contramar
COMPRADOR,Vallen
Gerente de Finanzas e Información,Green Me México
Coordinadora de subdirección de administración y finanzas,Lean People
Auditor Administrativo Finanzas,Maskota SA de CV
Analista Financiero Sr,BD
Auxiliar de Finanzas,IDECASA
ASISTENTE DE FINANZAS,IMPULSO EN TALENTOS PROFESIONALES
Auxiliar Administrativo,M COGHLAN DISEÑO SA DE CV
SUB GERENCIA,INVERPLUX
GTE. GLOBAL PLANEACIÓN FINANCIERA,Grupo Bimbo
Tesorero/a,The American School Foundation
Gerente de Administración y Finanzas,Postúlate
Auditor Interno,CONET
AUXILIAR DE INVENTARIOS,SOUDA S.A DE C.V
Docente de tiempo completo,TECNOLOGICO UNIVERSITARIO DE VALLE DE CHALCO
Auditor Interno (Contable),AXA-Keralty
GERENTE DE ADMINISTRACION Y FINANZAS,LLANTAS Y RINES DEL GUADIANA
GERENTE DE CONTABILIDAD Y FINANZAS,CGS
Gerente de Contabilidad y Finanzas,STaRs
Asesor Hipotecario,Kiron Servicios Financieros
Analista de Finanzas,Mabuchi Motor Mexico
Analista Contable,Petco
Valuation Analyst- México,Logan Valuation
Jefe de Tesorería,FULLSAND
Director General,Stylos Tech
Analista de Finanzas,Talleres de los Ballesteros
Customer Service Agent,Recursos Humanos en Linea
Auxiliar de Compras,Vallen Proveedora
Encargado de Contabilidad y finanzas,Thrēo Consulting
Docente Universitario,Universidad Carolina
"Gerente de Finanzas, Beehive Clothing de México",The Church of Jesus Christ of Latter-day Saints
DOCENTES DE TODAS LAS ASIGNATURAS,UVM EDUCACION CAMPUS TOLUCA
Practicante de Finanzas,Magna International Inc.
Asesor Inmobiliario,Tecnocasa
"Personal de Cajas (Condesa, Neza, Del Valle, Ciudad de Méxic...",BBVA
"GERENTE DE CONTABILIDAD Y FINANZAS 14,000 A 16,000",FUMIRED
Directora Administrativa,MakeForce Recursos Humanos
Director de Recursos Humanos,Besco
auxiliar administrativo,TRACUSA LA RUTA DEL SOL
ANALISTA CONTABLE FINANCIERO,SEGURO INTELIGENTE
Finanzas/Compras,Laser Tips
Auxiliar Contable - Gastos,ZeBrands
"Training/Recién Egresados de Administración, Contabilidad o...",Evenplan
Analista de Servicio a Clientes (NAUCALPAN),Human Trendi
Supervisor de finanzas,XPO Logistics
Auxiliar administrativa y cuentas por cobrar,Training Talent
Becario American Express,American Express
Auxiliar Administrativo,Skyballoons Mexico
Gerente de Contabilidad,Trinity Industries
Coordinador de inteligencia de mercado,Laboratorio Médico Polanco
Gerente de Finanzas,Thrēo Consulting
Asesor Inmobiliario en Tecnocasa,TECNOCASA GENERAL ANAYA
DOCENTES PARA BACHILLERATO SEMESTRAL,Universidad del Valle de Mexico
Analista Financiero,Platimex
Coordinator Finance ISC,Mondelēz International
Senior Accountant,Confidential
COORDINADOR DE ARRENDAMIENTO,DALTON AUTOMOTRIZ
Analista de comprobación de gastos,IGSA Medical
Analista de Aseguramiento de Calidad,Pfizer
Gerente de Administración y Finanzas,Provida Fertilidad
ejecutivo de credito y cobranza,QUALTIA ALIMENTOS
"T&C Business Partner BEyG (Ciudad de México, Cuauhtémoc)",BBVA
Coordinación Contable,DHL Supply Chain
Atención a clientes,Centro de Negocios Avanti
Cajero Sucursal,Santander
Cajero/a Bancario (Tuxtla Gutierrez),Scotiabank
Cajero/a Hospitalario,Médica MIA
Cajero Sucursal,Santander Global External
Promotor de crédito $8600 + bono sin tope zona Tlalpan,Compartamos Banco
CAJERO DE MATERNIDAD,Santander Global External
Cajero ventanilla Casa de Empeño,Fundación Rafael Dondé I.A.P
Anfitrion de Sucursal,Santander Bank
Asesor Multicanal,Santander
BackOffice BANCA EMPRESARIAL,Contadores Tenorio
"-*-*-*- EJECUTIVO CALL CENTER, CDMX-*-*-*-",Banco Multiva
Asistente Negocio Select,Santander Global External
EJECUTIVO DE CUENTA BENITO JUAREZ,Grupo Financiero Santander
Ejecutivo Banca PyME,Santander Bank
Asistente Negocio Select,Santander
Asesor Multicanal,Santander Global External
Agente Telefónico / Lunes a Sabado,RETTEC
Asesor Financiero. Asesor de ahorro,Banco Azteca
CAJERO,Banco Azteca
Administrador,"A TRABAJAR, SOLUCIONES DE EMPLEO"
Anfitrión de Sucursal /Hostess,Santander Bank
Chofer Particular,BANCO AZTECA
ANALISTA ADMINISTRATIVO,ALUVRI S.A DE C.V
Project Manager,GFT Technologies SE
CAJERO/A UNICO/A,Scotiabank
Ejecutivo Cta. A,Santander
Ejecutivo Banca Premier,Santander Bank
Asesor de Protección de Datos,HSBC
Programador PHP,Pagofácil
Auxiliar Administrativo,Carnicos HP
Ventas y atención al cliente / Iztapalapa - Te queremos en n...,Banco Azteca
Aux. Contable,Orthin Referencia Especializada S.A de C.V
CAJERO UNIVERSAL,Grupo Salinas S.A. de C.V.
Ejecutivo Cta. A,Santander Global External
Analista de Tesorería,Sorteo
Semi supervisor de contabilidad.,FFM CONSUMO
"Banquero Personal (Juan Aldama, Zacatecas)",BBVA BANCOMER
Lanzador de País México - SaaS Startup,Kwara
Analista de Tesorería,HRI GROUP.
Reclutador Masivo,Secorse
Aux de tesorería,ALUVRI S.A DE C.V
Business Analyst,P3 México
Becario Administrativo,FUNDACION NEMI A.C.
QUIMICO LABORATORISTA - Banco de sangre,Hospital Angeles Lindavista
Auditor,LEVBETH MEDICAL
Docente investigador de tiempo completo,TECNOLOGICO UNIVERSITARIO DE VALLE DE CHALCO
Analista de Cobranza Cuentas por cobrar,Editorial Santillana
SUPERVISOR DE ATENCIÓN A CLIENTES,FILIAL DE BANCO
Encargado Administrativo,Quinta Dorada
Maniobrass Generales,Coca-Cola FEMSA
ANALISTA DE TESORERIA,ALUVRI S.A DE C.V
auxiliar de mantenimiento,CONFIDENCY
CAJEROS,Banco Azteca
Cajero Universal,Banco Azteca
EMPLEADO ADMINISTRATIVO,GRUPO PROHABITACIÓN
Cajero Promoda Vista Norte,Promoda Outlet
Ingeniero en Sistemas,Cooperativa Nuevo México
Asesor Digital,Banco Azteca
"Banquero/a Asociado UHN (CDMX, UHN)",BBVA
Ejecutivo Premier,Santander
Asesor de Ventas y Servicios,HSBC
EJECUTIVO SOPORTE COMERCIAL,Representación hipotecaria
ASESOR DE ASOCIACIÓN COMUNAL SUCURSAL TEOTIHUACAN,ASOCIACION PROMUJER DE MEXICO S.A. DE C.V SOFOM EN...
CAJERO BANCARIO CELAYA,BanBajío
ASESOR DE ASOCIACIÓN COMUNAL ZUMPANGO,01654
Asesor de ventas y servicio,HSBC
Tecnico de Metrología,BD
Valuador de oro,BANCO AZTECA
Jefe de Contabilidad,Fullsand México
Cajero Sucursal (Maternidad),Santander Global External
Supervisor atención a clientes,Administradora de cartera
Contador General,"Manantial Metropolitano, S.A. de C.V."
"Especialista Negociador con Proveedores (Ciudad de México, B...",BBVA
Supervisor de Crédito EMPRESARIAL,Rosas Consulting
Capacitador/Desarrollador en NETSUITE,Grupo RIO
Director de Sucursal,Santander Global External
Asesor Bancario- Mexicali,HSBC MEXICO
"Analista de Crédito Empresarial (Cambio tasas, plazos,)",DMG Reclutamiento
ASESOR FINANCIERO,CONSULTORIA MASSFINH SA DE CV
Creador de contenido,Momlancers
AYUDANTE EN GENERAL (rastro de pollo),PROCESADORA DE AVES LEON
Supervisor Financiero (enfoque en créditos comerciales),Talented Partners
"Promotor de ventas en Tlalpan $8600 + bonos sin tope, Lunes...",Compartamos Banco
Ejecutivo Comercial (San Francisco del Rincon Guanajuato),BBVA BANCOMER
Asesor Financiero,Grupo Salinas
Ejecutivo de cobranza extrajudicial,Administradora de cartera
Promotor de créditos grupales,Crédito Si de Banca Afirme
ASESOR DE CREDITOS INDIVIDUALES,Compartamos Banco
ASESOR FINANCIERO,Compartamos Banco
Call center atención a clientes y/o Cobranza DH,Grupo Salinas S.A. de C.V.
GESTOR DE COBRANZA VESPERTINO,LABORIKA
ASESOR FINANCIERO LUNES A VIERNES,Financiera futuro
Asesor Telefónico Bancario //Medio Tiempo//Lunes a Sábado,Teleperformance
Asesor Patrimonial de lunes a viernes,Financiera futuro
Promotor de ventas TELCEL Coacalco y Tultepec,Ag Comunicaciones
promotor de ventas financieras,Logipack
Gestor de Cobranza Extrajudicial,Administradora de cartera
MONITORISTA GPS,"Tecnoval de México, S.A de C.V"
Vendedor inmobiliario,Rizources Capital Humano
Promotor de créditos grupales,Financiera Crédito Sí
Cuentas Por Pagar,"Morgan Polimer Seals, S. de R.L. de C.V."
Ejecutiva contable/administrativa,Talento Estratégico
Ejecutivo Telefónico de Atención a Clientes - Medio Tiempo,Randstad
guardia de seguridad privada,RMS Seguridad Privada
Chofer foráneo,Banco Diocesano de Alimentos Guadalajara AC
PROMOTOR CON O SIN EXPERIENCIA EN VENTAS,Logipack
Promotor de crédito Sabinas,PromoEmpleo
Guardia de seguridad,SEICSA
Ejecutivo telefónico de cobranza,Laborika
Tool Maker C (parque Industrial Pacifico),"Fisher & Paykel Healthcare, S.A. de C.V."
"Ejecutivo de ventas, contratación inmediata",Manpower
Asesor de ventas sector financiero,Logipack
Promotor de crédito grupal,Compartamos Banco
Ejecutivo de Cobranza Turno Vespertino,Manpower
Ejecutivo de ventas TDC,ADECCO
Promotor de ventas BANCO SEGURO Y AFORE,Logipack
Asesor de Credito Individual,Compartamos Banco
Promotor de crédito NL,PromoEmpleo
Asesor de Servicios Financieros,Human Staff
promotor de ventas de tarjeta de crédito,ADECCO
Chofer mensajero motociclista,Insul-Therm
Ejecutivo de Servicio al Cliente y Ventas,Randstad
ASESOR DE CREDITO,Compartamos Banco
EJECUTIVO DE VENTAS SEGUROS - VESPERTINO,LABORIKA
PROMOTOR DE CREDITO - CIENEGA DE FLORES,Compartamos Banco
Ejecutivo Telemarketing,Randstad
"PROMOTOR DE CREDITO - ZONA DE SABINAS HIDALGO Y BUSTAMANTE,...",Compartamos Banco
ASESOR DE CREDITO-PUNTO DE VENTA,FIXS BUSINESS
MONITORISTA CCTV BANCARIO,spot sa de cv
"Personal de Cajas (Saltillo, Coah)",BBVA
Vendedor de Piso Promoda Chedrahui Coapa,Promoda Outlet
Auxiliar Administrativo Contable,Car One Group
GERENTE DE COMPRAS BILINGUE,"Alimentaria Mexicana Bekarem, S.A. de C.V."
Analista de Atención al Cliente Postventa,KAVAK
Asistente de dirección,GRUPO BANHER SA DE CV
"ASISTENTE DE DIRECCIÓN ""ALC.BENITO JUAREZ""",VR DE MEXICO SA DE CV
ASISTENTE DE DIRECCIÓN,BIOPAPPEL
Gerente Nacional de Ventas,Soluciones SOHIN S.A de C.V
RECEPCIONISTA,LOGÍSTICA
ASISTENTE DE DIRECCIÓN,COMERCIALIZADORA TEJECI
Operador de servicios,Esteripharma S. A de C.V
Director Financiero,Day Store
AUXILIAR DE COMPRAS,MR NEUMATIKA
DIreccion de promotoria,Prudential Seguros Mexico
Analista de Precios Unitarios,Mossc S. A de C.V.
Jefatura de Inventarios,Maypo
Asistente de Dirección,ADV
Asistente de Dirección General (temas operativos),Add Valant
ASISTENTE DE DIRECCIÓN Y RECEPCIÓN,Instituto de Salud Digestiva y Hepática S.A. de C....
COORDINADOR DE TRANSPORTE - LOGISTICA ALMEX,LOGISTICA ALMEX S DE RL DE CV
Mantto. y soporte técnico,ALUVRI S.A DE C.V
Recepcionista / Asistente de Dirección,RH SATRUMEX SA DE CV
SubGerente,2W Plasticos SA de CV
CUSOTDIO DE TRASLADO DE VALORES,Tecnoval de México S.A. de C. V.
EJECUTIVO DE VENTAS REDES SOCIALES,fabrica de ropa de dama
Supervisor de Postventa,KAVAK
Representante Regional de Ventas,I&M Inspections and Supply Chain
Capturista-Zona rosa,Auren
Ejecutivo de Comercio Digital,Comercializadora de ropa de dama
Coordinador de licitaciones gubernamentales,G&D
Visitador de campo en auto o moto,Credifiel
PLANEACION Y CONTROL DE OBRA,ESA Consultoria e Ingenieria S.A. de C.V.
Analista de Atención a Clientes Postventa,KAVAK
Asesor telefónico,Hir Casa
Asistente de Dirección,JGroup
Coordinador Administrativo Jr,AXA-Keralty
PLANEADOR LOGISTICO,GRUPO AMPM
Auxiliar de Import-Export,"DIMEO, S. DE R.L DE C.V."
JEFE DE OPERACIONES (HOSPITALARIO),LABORATORIO PISA
AUDITOR EN TECNOLOGÍAS DE LA INFORMACIÓN,SANBORNS
ASISTENTE DE DIRECCIÓN,CYROXTECH
chofer almacenista,FULAME
Auditor basado en COBIT,SANBORNS
Recepcionista / Auxiliar Administrativo,GRUPO TOMZA
Asistente de dirección,Grupo Insoft
Coordinador de Logística,GRUPO COMMANDER
Analista de Atención al Cliente Postventa,KAVAK Careers
Asistente de Dirección,GRUPO ALTA
Auxiliar de Sustemas de Calidad,APISA FASTENERS SA DE CV
Auxiliar Administrativo,Auren
COORDINADOR (A) DE EDUCACIÓN CONTINUA,TECNOLOGICO UNIVERSITARIO DE VALLE DE CHALCO
Supervisor de Ventas,Pastelerias Alcazar
Mesa de Control,ADsourcing
Supervisor de Postventa,KAVAK Careers
BACK OFFICE,SCULTURA LUMINOSA S DE RL DE CV
ANALISTA DE ADMINISTRACIÓN Y TESORERIA,"DESARROLLO CORPORATIVO HEMAN, S.A. DE C.V."
Analista de Capacitación,Viñoplastic Inyección
auxiliar de almacen,Yuewei S.A de C.V
Técnico de Calidad,Textiles Puebla
Asistente de Dirección,Senstronic de Mexico SA de CV
ENCARGADO DE LAVANDERIA,INDUSTRIAS ILSA FRIGO S.A. DE C.V.
Director General,MEREK RH
Líder de Administración de Proyectos,Mayekawa de México
AUDITOR OPERATIVO - EN SUBDIRECCIÓN,SANBORNS
Asociado DSL - Mérida - Servicio al Cliente en Estación de E...,Servicios Comerciales Amazon México S. de R.L. de...
Auxiliar de compras,POPOMEX
AUX ADMINISTRATIVO,Sistema Cobra de Seguridad Privada en Carreteras S...
Gerente de Operaciones,Empresa Procesadora de Alimentos
Encargado de Educación Continua,TECNOLOGICO UNIVERSITARIO DE VALLE DE CHALCO
Asistente de Dirección con experiencia en logística,Preciado Corporativo
Dirección Contabilidad Fiscal e Impuestos,VALORES ABC
Asistente Comercial LATAM,LONDON CONSULTING GROUP
ADMINISTRADOR DE HOTEL,CORPORATIVO EMPRESARIAL Y ALTA DIRECCION EXPERT
Ingeniero en Seguridad e Higiene,"Project Management and Design, SA de CV"
Jefe de Producción,Bumeran
Asistente de dirección con enfoque a ventas,UMANEA
CAJERO A BORDO DE UNIDAD BLINDADA,Tecnoval de México S.A. de C. V.
Director de Promotoría,Prudential Seguros México
Coordinador de Ventas,involved
Chófer repartidor Experiencia camionetas de reparto o paquet...,The seller
MECANICO DIESEL B,Transportes Americanos SA. de CV.
Agente De Ventas De Cambaceo Monterrey,HM CONSULTORES
Repartidor corporativo,The seller
Ingeniero trunco o técnico,The seller
CHOFER REPARTIDOR,Grupo SAR
Médico General Sucursal Nicolás Romero,Farmacias La Generosa
Eléctrico Automotriz,Distribuidora de GAS SAGA S. A. de C. V.
chofer vendedor a detalle,DISTRIBUCIONES A DETALLE SA DE CV
ayudante general,GNRG SA DE CV
VENDEDORA DE MOSTRADOR,GRUPO ZET INTERNACIONAL S.A DE C.V
Médico General Sucursal Portales,Farmacias La Generosa
Asesor De Ventas Vía Telefónica Monterrey,HM CONSULTORES EN RECURSOS HUMANOS
Guardia de Seguridad Plaza 2000,Promoda Outlet
Big Data,Rizources
"- Vendedor/a de telefonía celular. Tda fija. Naucalpan, San...",Grupo Nach
Operador Foráneo,AUTOLINEAS JR SA DE CV
Asesor Comercial,ESTRATEGIAS INTELECTUALES
MÉDICO,CENTRO MEDICO EMPRESARIAL DE MONTERREY
Asesor De Ventas Telemarketing,HM CONSULTORES EN RECURSOS HUMANOS
Operador de tractocamion / montacarguista,ALMACENADORA SUR
ayudante general,NAVILUX S.A. DE C.V.
Guardia para Santa Fe,SECURITY & INTERNATIONAL
Mecanico tipo B,TigerTeam
Médico General- Sucursal Fresnos,Farmacias la Generosa
Promovendedor De Punto Monterrey,HM CONSULTORES
"Flebotomista- Lic. QFB, Química o enfermería o carrera técni...",The seller
Promovendedor De Modulo Acapulco,HM CONSULTORES EN RECURSOS HUMANOS
Vendedor En Punto Fijo Monterrey,HM CONSULTORES EN RECURSOS HUMANOS
SUPERVISOR CALL CENTER VENTAS,Especialistas en Contacto Directo
CAPACTACION PAGADA/BONO/COMISION POR VENTA REALIZADA,GIN GROUP
- Vendedor/a de telefonía celular. Tda fija. Ezequiel Montes...,GRUPO NACH
Montacarguistas,SS CONSULTORES
OPERADOR DE UNIDAD REVOLVEDORA,CONCRETOS PROFESIONALES DEL CENTRO
MECÁNICO AUTOMOTRIZ,COMETRA PLAYA DEL CARMEN
Operador Telemarketing,SKY
Promovendedor De Cambaceo Guadalajara,HM CONSULTORES
repartidor en moto/ Esteban Alatorre,CONSUVINO
Asesor Patrimonial DE LUNES A VIERNES,Financiera futuro
Vendedor De Modulo Guadalajara,HM CONSULTORES EN RECURSOS HUMANOS
Big data (Para trabajo en equipo con marketing digital),Rizources Capital Humano
Chófer mensajero,Gran Alianza
Contador General,Star Alimentos (Gastronómica del Noroeste)
Promovendedor En Punto Fijo Acapulco,HM CONSULTORES
Promovendedor De Punto De Venta Guadalajara,HM CONSULTORES
VENDEDOR CAMBACEO,IZZI TELECOM TIJUANA
Promovendedor Para Punto De Venta Guadalajara,HM CONSULTORES EN RECURSOS HUMANOS
OPERADOR DE UNIDAD REVOLVEDORA,CONCRETOS PROFESIONALES DEL CENTRO S.A. DE C.V. QU...
Promovendedor De Ventas Telemarketing,HM CONSULTORES
AGENTE DE ATENCIÓN A CLIENTES EN REDES SOCIALES (EXPERIENCIA...,Ibushak
Ejecutivo de atención al cliente,ALUVRI S.A DE C.V
"RECEPCIONISTA PARA CORPORATIVO ""PLAZA PARQUE DELTA""",VR DE MEXICO SA DE CV
Servicio atención a cliente,Recurso Confiable S.A de C.V
Atención a clientes,Telmov SA de CV
Home Office- Archivista-ayudante de Oficina Con o Sin Experi...,SERVICIOS CORPORATIVOS LATINA
GERENTE DE DISTRIBUCION,"ABURTON, SA. DE C.V"
Recepcionista Atención a Clientes,Sinergia profesional
Atención a clientes vía telefónica,ETIFLEX SA DE CV
Agente de atención a clientes,Linkoria
Consultor Vacacional (Prospeción y Atención al cliente,Grupo Posadas
ATENCION A CLIENTES CHAT 1/2 TIEMPO,Group Aida
Atención a Clientes,COMETRA
Atención al Cliente sin Experiencia para Aseguradora,AHORRA SEGUROS S. A. de C. V
OPERADOR DE ATENCIÓN TELEFÓNICA Y SOPORTE,INSTITUTO NACIONAL ELECTORAL
Call Centrer en Siniestros / Turno Nocturno / Temporal,LOGISTICS ASSISTANCE GROUP
Ejecutivo de Atención a Clientes,Stramex Seleccion
Asesor telefónico para Atención al cliente,GNP Seguros
Jefe de Operaciones,"ABURTON, SA. DE C.V"
Agente de Servicio al cliente - MATUTINO,RSQ SA CV
Cajero (a) Sin Experiencia / Plaza Carso,Panda Express
Empleado Multifuncional,Green Grass
Ejecutivo de atención a clientes via chat,Alorica
Atención a cliente telefónica y chat,Grupo Vanguardia
"Ventas mostrador y atención al cliente, Viveros de la loma",Safety Depot
Ventas Corportivas,GGY
Atención a clientes,JURISTA HONORUM S.A.S DE C.V
Asesor de Servicio a Clientes,MOBO
Agente de Seguros MetLife Lunes a Viernes,Grupo KC
"Vendedora Shasa, Madero, Centro Histórico",Shasa
AGENTE ATENCIÓN A CLIENTES | CALL CENTER COCA-COLA,ARCA CONTINENTAL COCA-COLA
Empleada para Cremeria,dCompras-cremeria
Cajero (a) Sin Experiencia / Patio Santa Fe,Panda Express
Atención al cliente en mostrador zona CAPU,Empeño Facil
ANALISTA DE ATENCIÓN A CLIENTES,Wishful Management
Operado Telefonico Medio Tiempo Matutino y Vespertino,B-Connect
Atención a clientes / Back office,Grupo DG
Asesor telefónico / Atención y seguimiento a cliente,PEN HEALTH
Atención a clientes,CUADRIVIUM
Asesor Telefónico de Atención a Clientes (por proyecto fin d...,GEA Internacional
Community Manager,Ocho Media
"Vendedora Shasa, Parque Tezontle",Shasa
Especialista Servicio a Cliente - PORTUGUÉS,MultiLatin Background Screening
Atención a Clientes,GRUPO FINATRADE SA DE CV
Ejecutivo de atención a clientes (Ramo logístico),IT - Talent
Asistente de Dirección,Human Capital Assets Corporate
Analista de Servicio al Cliente,KRESKO
ASESOR TELEFÓNICO Y/O MESA DE AYUDA,Sertres
ATENCION A CLIENTES CHAT 1/2 TIEMPO,Group Eida
Operador Técnico / Atención al cliente,NORCUL
Atencion a clientes - 1/2 jornada LUNES - VIERNES,Add BPT
EJECUTIVA/O EN ATENCIÓN A CLIENTES ZITACUARO,Finatrade
Ejecutivo de Ventas y Atención a Clientes,BANORTE
TECNICO TELEFONICO/SIN EXPERIENCIA,Kb Tel Telecomunicaciones S.A. DE C.V
EJECUTIVO DE SERVICIO AL CLIENTE,SEGURO INTELIGENTE
auxiliar de oficina,"CLAVOS Y ALAMBRES EL ANCLA, SA DE CV"
Atención a clientes,SEGURIDAD PRIVADA GUEPARDOS
Agente de telemarketing y atención a clientes en Clínica Den...,LK Asociados Agencia de Marketing y Publicidad
ASISTENTE DE DE ATENCIÓN AL CLIENTE / BELENES,Transportes TRESGUERRAS
Atención a Cliente Macstore,GAN GESTION ADMINISTRATIVA DE NEGOCIOS
EJECUTIVOS DE ATENCION AL CLIENTE,GRUPO CLARO & MORGAN
Ejecutivo de publicidad digital - Home Office,QuimiNet
Camillero,Hospital San Angel Inn Chapultepec
Asesor Comercial,Compramos Tu Casa.mx
Subgerente de Boutique - Parque Alameda,CORPORATIVO IVONNE
EJECUTIVO TELEFONICO - Atención a Clientes Y CAPTURA,AT RST
Atención a clientes,Movilidad Mexico HH
ATENCION A CLIENTES L-S MATUTINO,AT R S
Atención a clientes,Cloud Water
Ejecutivo de Atención a Usuarios - Aplicación Móvil,A&P
Staff Multifuncional Sin Experiencia / Interlomas,Panda Express
ANALISTA DE CALIDAD TLALPAN,SERVICIOS ESPECIALIZADOS EN ATENCION DE SINISTROS...
Asesor Financiero,TECNOCASA CAFETALES
Coordinador de Facturación y Cobranza en Microsoft Dynamics...,"EULEN MEXICO DE SERVICIOS, SA DE CV"
Representante Comercial,GINR
SITE MANAGER,Quiality
Telemarketing Specialist (Home Based),Webxloo
EJECUTIVO DE CUENTA / ATENCIÓN A CLIENTE,LAINOW MÉXICO DAT
Gerente de Operaciones Puebla,Azul 40 S.A de C.V.
Encargado de Control de Calidad e Inocuidad,"DURONCO, S.A. DE C.V"
Empleado de mostrador TELCEL CHALCO XICO,A-Móvil
Auxiliar Administrativo y Recepcionista,qop iluminación
Auxiliar de piso de ventas waldos atlalilco,Waldos Dolar Mart
Ventas y Atención al cliente,Disrupcion MX
Asesor telefónico para Atención al cliente,Administradora de cartera
Call Center Agent,Von Talent
Auxiliar telefónico,Asecon S.A. de C.V.
Retención Académica (por medios telefónicos).,GABSSA
Asesor Patrimonial de Afore (BROKER),Sura México
Operador Telefónico,Promohealth
COORDINADOR BDC VENTAS-AUTOS NUEVOS,GMC VALLE DORADO
Machetero -Cargador,Logistica y Administracion
Gerente de Recursos Humanos,WIT CONSULTING
AUXILIAR DE FOTOGRAFÍA,ACUARIO DEL BAJÍO
Auxiliar Administrativo de Ventas,Alta Tecnología en Empaque S.A. de C.V.
Vendedor Multifuncional - Petco Zona Esmeralda,PETCO
Vendedor multifuncional (Cancún),Petco
Agente Atención Telefónica,Farmacias del Ahorro
Auxiliar Administrativo Contable,GYG
Hostess Medio Turno- Nissan las Fuentes,NISSAN LAS FUENTES
Encargada de sucursal.,Fraiche
Atención a clientes,ANEXA BPO
"Enfermera, cosmetóloga Nápoles - $16,000 Mensuales",Skinklinik Med Spa
Ejecutivo telefónico Medio tiempo,CONSORCIO DE PROMOCIONES VENTAS Y SOLUCIONES ADMINISTRATIVA S. C.
"Asesores | Banco Nacional, Medio Tiempo, Atención a Clientes",Pentafon Contact Center & BPO
Asesor de Afore - Ventas y Atención a Clientes,InverCap Afore
Control/Atención a clientes,"El Dorado Agua, purificadora"
ASESOR INMOBILIARIO,TECNOCASA JARDINES DE COYOACÁN
BECARIO ECOMMERCE ADMINISTRACION VENTAS ATENCION CLIENTES ME...,SHOPEANDO BORDERLESS
ASESOR CALL CENTER - CON O SIN EXPERIENCIA (MATUTINO Y VESPE...,CONSORCIO DE PROMOCIONES VENTAS Y SOLUCIONES ADMINISTRATIVA S. C.
Asesor/a Telefónico Bilingüe,Grupo Financiero Scotiabank
PROMOTOR DE CREDITO GRUPAL ZONA TLALPAN,Compartamos Banco
Operador de Telemarketing,Enfoque en ventas
Vendedor de piso Zona Gustavo A. Madero,GNC - LA TIENDA DE LAS VITAMINAS
Atención a clientes,Anexa Telecomunicaciones
ESTUDIA Y TRABAJA MEDIO TIEMPO PM $4800,Teleperformance TOREO
"CALL CENTER BILINGÜE HASTA $13,000 ATENCIÓN A CLIENTES VESPE...",TELVISTA
Agente de Servicio al Cliente,Principal Financial Group
Atencion al cliente (Transporte de entrega),Majorel
"AGENTE TELEFONICO BILINGÜE // GANA HASTA $17,480 ULTIMOS DIA...",Sykes Mexico
Contador Jr,ROEL COMERCIALIZADORA
Analista de Contabilidad,GP25
FACTURISTA/ALMACEN,MASA MADRE/ROSETTA
contador flujo de efectivo,sinatec sa de cv
Supervisor de Mantenimiento Mecánico- Diésel,LOSDA Soluciones
Contador General,DESARROLLADORA Y CONSTRUCTORA METROPOLITANA
GERENTE DE CONTABILIDAD / EXPERIENCIA EN SECTOR FINANCIERO,FINANCIERA TE CREEMOS
Solicitamos Auxiliares de Contabilidad/Auditoria/Impuestos,Zaldivar Consulting
Analista Contable,FFM CONSUMO
Asistente de Dirección,"Hulyser, SA de CV"
Auxiliar de Contabilidad,A-Móvil de Telcel
CONTADOR,ALUVRI S.A DE C.V
Jefe de Contabilidad,TSO-NGE México
Contralor General - Manufactura,Pintolux S.A. de C.V.
Auxiliar Contable,"ALBAOSA, S.A DE C.V."
CALCULISTA DE NOMINA,GLOBAL DENIM SA DE CV
Auxiliar de Compras,GIPROCOMEX
AUXILIAR CONTABLE,GRUPO POLAK
"Auxiliar Contable, contadores y capturistas contables",CONSULTORIA VIHER SA DE CV
Becario de Contabilidad,Normex
Analista de Auditoria- Retail,Petco
Auxiliar de Tesorería,ENLACE LABORAL
Jefe de Contabilidad,INCAPITAL
Auxiliar Contable,GANON DISTRIBUIDORA
Especialista en Cuentas por Pagar y Tesorería,Porta SA de C.V
Analista Contable,McCann Worldgroup
Contador General,TSI Industrial S.A. de C.V.
Contador General,DIGITAL TEXTILE TECHNOLOGIES
Administrador General,Grupo Bakal
Contadora General,PSIQUE CSI SAS DE CV
Supervisor de T.I.,MOORE STEPHENS OROZCO MEDINA S. C.
Analista de Cuentas por Pagar y Tesorería,Job Fit
Auxiliar Contable,Ferrocarril y Terminal del Valle de México
Asistente de contabilidad,Farmabiot
Contador General,ASECON
Almacenista,Médica MIA
Asistente de Contabilidad,Grupo Goros-Lotu
Contador General,Quick app
Contador Público,Sitecom Contrucciones
Analista Contable,LABODIGITAL
Analista de cuentas por pagar,Colgate-Palmolive
AUXILIAR ADMINISTRATIVO CONTABLE,Tecnicentro Royal SA de CV
Pasante de Contabilidad,Z&M INGENIERIA S.A DE C.V.
Contador Jr. Tesorería,GO SERVICIOS
Facturista,Sigma Foodservice
AUXILIAR DE CONTABILIDAD,Pharma Amigo S.A de C.V.
AUX DE AUDITORIA,POLIFORMAS PLASTICAS SA DE CV
RESPONSABLE DE SERVICIOS GENERALES,ENGRANE
Contador General Sr Contratación Inmediata,Involve Talent
Coordinador de Contabilidad,Potenxial
Ejecutivo de crédito y cobranza,MADERMA
SUPERVISOR DE TESORERIA,AEROUNION
Ejecutiva de Administracion,Zeta. la
Asistente de Auditoria,MENDEZ CONTADORES PUBLICOS Y AUDITORES SC
Analista Contable,E-GLOBAL
Contabilidad financiera,Universidad Técnologica de México
AUXILIAR CONTABLE Y ADMINISTRATIVO,"Dant, S.A. de C.V."
CONTADOR PUBLICO o LICENCIADO EN CONTADURIA,iPayroll
(MX) ANALISTA DE NOMINAS,CEMEX
Caja,Corporativo Teleton
Aux. Contable P/CUENTAS POR PAGAR,Goplás S.A. de C.V.
Auxiliar Recursos Humanos - Inplant,Poncot
Contador Especialista en Impuestos/Inglés Intermedio-Avanzad...,"EULEN MEXICO DE SERVICIOS, SA DE CV"
Contador,Soluciones de Personal
JEFE DE CREDITO Y COBRANZA / ECOMMERCE,Human Finder
Contador Jr,"MERCODIMA, S. DE R.L. DE C.V."
Auxiliar Administrativo y Facturación,Grupo illingworth Logistics
AUXILIAR CONTABLE - GRUPO PLASENCIA AUTOMOTRIZ,GRUPOP PLASENCIA AUTOMOTRIZ
GERENTE DE ADMINISTRACIÓN Y FINANZAS,A&A TALENTO HUMANO CONSULTORES
AUXILIAR DE INVENTARIOS,PINTURAS LOS MIL COLORES
AUXILIAR CONTABLE Y ADMINISTRATIVO,NET GLOBAL SOLUCIONES DE OFICINA SA DE CV
AUXILIAR CONTABLE,BIZTALENT
Facturación y Cobranza,Corporacion RH
Contador temporal,Cardinalhealth
AUXILIAR CONTABLE,INDUSTRIALIZADORA DE MADERAS EL ANGEL S.A. DE C.V.
Auxiliar Contable,PROVEEDORA DE ESPECIALIDADES MEDICAS SA DE CV
Jr. Finance Analyst/Accountant,
Contador General,Credix
AUXILIAR CONTABLE,CONSTRUADITIVOS DE MÉXICO S.A. DE C.V.
Contadora General,INTERIORES DE ZACATECAS
CONTADOR DE MERCANCIA,PROFESIONALES EN INVENTARIOS
Auxiliar Contable,PLASTICS TECHNOLOGY DE MEXICO
Auxiliar Contable,Psiem: Psicología Empresarial
Controller,Robert Walters
Auxiliar Contable,Servicios Contables CONFIE SC
Auxiliar Contable,CORPORATIVO NAVARRO VALENCIA
Auxiliar Contable,We solve
Contralor/ Santa Anita,HumanPro
Auxiliar Contable,CENTRAL MAYORISTA S.A DE C.V
Auxiliares contables,RED RING
Auxiliar contable/Torreón,HUMAN RETAIL / HUMAN STAFF
CONTADOR FINANCIERO,INOVAGLASS
AREA DE RECURSOS HUMANOS,FMEDICAL
Auxiliar Contable,TALENTOZ
Contador General,Sociedad Mexicana de Parrilleros
AUXILIAR CONTABLE,EMSA SERVICIOS SA DE CV
Coordinador de Mantenimiento,Confidencialidad
Residente de Acabados,raymen
Cuantificador,Desarrollo
Arquitecto o Ingeniero Civil,"Geometría, Edificación, Diseño Arquitectura y Supe..."
LIDER DE VENTAS Y PROYECTOS - CONSTRUCCIÓN,CS
Localizador de Inmuebles,GRUPO ZORRO ABARROTERO
PRACTICAS PROFESIONALES ARQUITECTURA,SKYMODUL iluminacion natural
Residente de Obra,GIPROCOMEX
Administrador de edificio (LEED),GRUPO ALHEL
RESIDENTE DE OBRA,ZAZCABA CONSTRUYE
Facility Manager,Administradora de inmuebles Santa Fe
Coordinador de Construcción,GIPROCOMEX
Residente de Obra/ Arquitecto Junior,PRODUCTOS DUNA SA DE CV
JEFE DE TRAMITES Y LICENCIAS (CONSTRUCTORA),SANCHEZ COLIN Y ASOCIADOS
Supervisor de Mantenimiento,Vestolit
Gerente de Protección Civil,Maguen Team SA. de CV.
JEFE TECNICO,Vinte
Auditor obra,COPPEL
Auxiliar de residente de Obra,CAABSA EDIFICACIÓN SA DE CV
VENDEDOR TIENDA DE MUEBLES,INNI
Ingeniero Civil,SOLVENTI CONSULTORES
Arquitecto,Grupo Veljim
Lic. En Arquitectura,Guarderias Ebor
VENDEDOR (RAMO FERRETERO),soluciones rh
Dibujante Autocad,AIM Reclutamiento & Headhunting
Analista de Soporte,ADV INTEGRADORES Y CONSULTORES SA DE CV
Supervisor de obra,Crosica
Practicante Arquitectura o Ingeniería Civil,Balvanera Polo y Country Club
Supervisor de Obra,Holcim
Coordinador de Obra,ROMAVE CONSTRUCCIONES SA DE CV
Residente de Obra,AXIARH
Ejecutivo de ventas de Cancelería de Aluminio,N19
CUANTIFICADOR EN OBRA,JM Ingenieria Electrica Integral S.A. de C-V.
Docente Arquitectura,Lottus Education
AGENTE DE VENTAS,MEXTRA S.A. DE C.V.
AUXILIAR DE OBRA | CCTV - C DE ACCESOS,"Grupo Siayec, S.A. de C.V."
TOPOGRAFO,Constructora Trebotti
Arquitecto Diseñador de Láminas y presentación visual Arq...,Involve Talent
RESIDENTE DE OBRA EXPERIENCIA ACABADOS,Z&M INGENIERIA S.A DE C.V.
Project Manager Sr en Construcción,S&M CONSULTORIA
Arquitecto - Coordinador de PU y presupuestos.,Workbox
CONSULTOR POWER BI,Softnet Soluciones
Supervisor de mantenimiento / Retail,Mantenimiento y Servicio Tecnico NH3 SA de CV
Laboratorista,"HOLCIM APASCO, SA DE CV"
Encargado de tienda,COCINAS CEDILLO
ARQUITECTO,SERVICIOS TURISTICOS Y ARQUITECTONICOS ACCESIBLES...
RESIDENTE DE OBRA,Casas ARKO
Asesor de ventas,Male y Midor SA de CV
Diseñador Estructural,T&T Affiche SA de CV
Coordinador de Costos y Concursos,GIPROCOMEX
Arquitecto de Software,PlanetMedia
Docente de Arquitectura,Universidad Lux
Ing de Proyectos Suc. Tampico,Grupo GR
Ingeniero de Redes (SOC),Westcon-Comstor
LÍDER DE PREVENCIÓN DE RIESGOS LABORALES (SEGURIDAD E HIGIEN...,PROSEGMA
GERENTE DE MANTENIMIENTO,COPPEL
Arquitecto Residente de Obra,Servicios Profesionales GYVSA S.A de C.V
BECARIO DE ARQUITECTURA,"AM ARQUINTERIOR DESIGN, S.A DE C.V"
LIDER DE PROYECTO PARA AREA DE INFRAESTRUCTURA,NET & SERVICES TRANTOR
RECIEN EGRESADOS COORDINACION ADMINISTRATIVA JR.,IAARQ
Gerente de Marca,Evenplan
Gestor de proyecto senior,Borda Las Américas A.C.
Analista de Proyectos,Inmobiliaria 2020
Arquitecto Independiente,Desarrollos Inmobiliarios Ecotecnológícos
Gerente de Construcción,Empresa Constructora y Desarrolladora
Residente de obra,Carpintera Occidental SA de CV
RESIDENTE DE OBRA SUPERVISE ACABADOS DE OBRA,SOLUCION AUTOMOTRIZ
Dibujante de proyecto,Legas y Asaz Farmaceutica
Prácticas Profesionales y Servicio Social Servicios Generale...,"SOCIEDAD CULTURAL COLEGIO PATRIA, S.C. - ZONA NEZA..."
UX Designer,Palo IT
Project Manager,DEPROC
Docentes para Nivel Licenciatura,Laureate Education
Supervisor de Obra,SGS
Docentes de Asignatura en UVM Campus Saltillo,UVM Campus Saltillo
Supervisor de Obra,Fraccionamiento Bosques del Dorado
Supervisor de Obra,PREFABRICADOS DE PALENQUE SA DE C V (FYMSA)
RESIDENTE DE OBRA,BM Capital Inmobiliario
Senior Project Manager,Proyectos 9
Supervisor de Calidad,Constructora Trebotti
Coordinador de Gestoría Inmobiliaria,Grupo Palmas Integra
1 Residente de obra- 1 Analista de precios unitarios- 1 proy...,Constructora FORUM
Field Engineer O&G- Villahermosa,HILTI
RESIDENTE DE OBRA EN PAPANTLA,SISSA MONITORING INTEGRAL S.A.P.I DE C.V
Ingeniero de Datos,APLatam
ANALISTA SR AUTOMATIZACIÓN DE PROCESOS,SURA CORPORATIVO
Ingeniero Civil Estructurista (sector Oil & Gas),Bonatti
Agente de ventas,Design Express de México S.A. de C.V.
Ejecutivo de Preventa 4,SONDA IT
"CONTADORA GENERAL, LICENCIATURA CONTABILIDAD",ARQUITECTURA MECCANO Y CONSTRUCCIONES SAD EC V
Ingeniero Civil,SOLUCIONES EFECTIVAS EN RECURSOS HUMANOS
DEVOPS,Sistemas Computacionales y Tecnología
Vendedor de proyectos vidrio y aluminio,Vecalum Aluminio y Cristal SA de CV
Ingeniero Cisco Wireless,Reclutamiento IT
Arquitecto Fullstack,BSM Asociados
Administrador Oracle Virtual Manager,Grupo Pravia
BIG DATA,GRUPO SALINAS
Oracle DBA,Citi
SQA ENGINEER,"American Group Corporation, S.C."
Asistente Gestión de Proyectos,EVC Consultores
ARQUITECTO TOGAF SENIOR,Softtek
Arquitecto SO Linux,Capital Empresarial Horizonte
AUXILIAR DE PROYECTOS EJECUTIVOS,CROCSA CORPORATIVO
Tecnico de Soporte,COEFICIENTE
Residente de Obra Civil,INMOBILIARIA EDROMEX SA DE CV
"Docentes para ""Art and culture/Arte y cultura""",Preparatoria Tecmilenio Campus Las Torres
Consultor BigData Azure,AFIRMA
Senior Data Base Administrator IBM DB2,"Desarrollo y Gestión de Aplicaciones Móviles, S.A...."
Arquitecto de Datos Bilingüe (Inglés Avanzado),Optimissa
Asesor Comercial,SERVICIOS ESPECIALIZADOS DE PINTURA SC DE RL
Especialista en ventas,Curacreto Merida Circuito
Consultor Power BI,Softnet Soluciones S.A. de C.V.
Ingeniero Fullstack C# .NET SR,GotoIT
Arquitecto Java,Omni Tecnología S. A de C. V
Key Account Manager Inmobiliario,Bolsa de Trabajo Empleos MTY
Diseñador Industrial / Asesor de Proyectos (Periferico Norte...,NoviGroup
Microservicios JAVA,People XR
F5 Admin (Load Balancers),Capital Empresarial Horizonte
Cuantificador,3i3 desarrolladora
Especialista Comercial Data Center CISCO,Dresden Partners
Ingeniero de pruebas analisis de fallas,Kelly Services
ADMINISTRADOR SERVIDORES LINUX,GRUPO SALINAS
CISO- Encargado de Seguridad sector financiero,STARTPOINT MEXICO
Recepcionista / Caja,ESCUELA LIBRE DE ARQUITECTURA
Software Engineer Sr,Idoneus Talent
Ingeniero de Software Sr (Java),Grupo HCM
Líder Técnico Magento,Reclutamiento IT
Cientifico de Datos - Experiencia en reconocimiento de imáge...,STARTPOINT MEXICO
Programador Web Senior,Ahern International de México S.A. de C.V.
Programador Software Senior Full Stack Apps Móviles,MS-Consultores
Arquitecto / Asistente de comercialización,GRUPO ALHEL
Residente de Obra Civil,Grupo FCM
Customer Experience Assistant,GrowPro Experience
Online English Teacher in Mexico - Work From Home,LatinHire
Virtual Sales Assistant,GrowPro Experience
Docente de Preescolar (Inglés),"Colegio Anaife S.C., Golden Valley Kindergarten"
Tutor Educativo (Maestr@),Grupo Ezquadra
Digital Medical Detalling Rep,Sanofi
Profesor de Química y Biología,CENTRO CULTURAL DE LA CIUDAD DE MEXICO
Abogado Jr.,Oxford Education
Asistente Educativo,Little buddy
Logistica de eventos de capacitacion empresarial,Soluciones especializadas en Desarrollo Humano
Logística de eventos de capacitación empresarial,Soluciones especializadas en Desarrollo Humano
Docente de Mercadotecnia,CENTRO DE ESTUDIOS UNIVERSITARIO
Tutor Académico,Intelligens International
English teacher CAE,CUDEC SC
Material Planner,DRÄXLMAIER Group
Maestra de español primaria alta,Colegio Bicultural Bosques Del Lago
Retención académica / Servicios escolares,Gabssa Odesa
Asistente de Gerencia,SOLARA SA DE CV
DOCENTE DE EDUCACION FISICA,"INSTITUTO PEDAGÓGICO HORACIO ZUÑIGA, S.C."
"MAESTRA PRIMARIA, ESPAÑOL",INSTITUTO VICARIO DE HIDALGO
Profesor informática,Preparatoria oficial
COORDINADOR(A) DE EDUCACIÓN CONTINUA,Operadora de Servicios Especializados Consultiarh...
PROFESOR DE QUIMICA,unscholing
Encargada de Control Escolar,Colegio en Metepec
Docente Universitario,Centro Universitario Reforma
Profesor de francés,UNIVERSIDAD INTERNACIONAL DE PROFESIONES
Docente de primaria,Clases EDUCERE
"FERIA VIRTUAL DOCENTE UVM- BACHILLERATO, LICENCIATURA Y POSG...",Universidad del Valle de Mexico
Coordinador Académico para Licenciaturas,Laureate Education
Facilitador Change Management- Storytelling Empresarial,Soluciones especializadas en Desarrollo Humano
Docente Universitario,"Centro de Estudios de Posgrado, S.C."
Asesor de Educación Continua,DISEÑO Y TECNOLOGIA EN MUEBLES SA DE CV
Docente de preescolar y primaria,Clases EDUCERE
Directora de guardería subrogada al IMSS,COLEGIO BILINGUE RICHARDSON TERCERO SC
LICENCIADA EN EDUCACIÓN,Vision Center
Maestra de Educación Preescolar con Especialidad en Autismo,"Procasa, SA de CV"
Profesor de Español,Colegio luxemburgo de mexico
Comunicación intermedia superior en francés I,Universidad Técnologica de México
Maestra de Preescolar,CENTRO INFANTIL CUAUTITLAN
PROFESORA DE INGLES,BLINDAJES DEL CENTRO
DOCENTE DE MATEMÁTICAS A NIVEL SECUNDARIA,Prestigiado Colegio
Poligrafista,Maguen Team SA. de CV.
Profesor de francés niños y adultos,Escuela de Francés el Caribe
Auxiliar de Facturación,COLCHAS CONCORD
Planner,SMTC de México SA de CV
MAESTRA PARA ÁREA DE DAYCARE,KOKUN DAYCARE & PRESCHOOL
asistente educativa,Cuidados Maternales S.C.
Team leader TMK / Programas educativos,Universidad Tech
Asesor de Vinculación Educativo,Reclutamiento Empresarial S.A de C.V
Auxiliar en Recursos Humanos,Grupo Refrigerantes SA de CV
PROFESORA DE PRIMARIA,COLEGIO MARK TWAIN
PROFESOR DE FRANCES,INSTITUTO INTERNACIONAL BRITANIA LIGTHART S.C.
PROFESOR DE BARBERIA,Netschool
Servicios Escolares,GoStrategy
Profesor de Ciencias Física (Plantel Fundación Azteca),"UNIVERSIDAD ICEL UI, PLANTEL AZTECA"
Planner Digital- Político,SOME CONTENT MARKETING
Psicólogos o a fin para atención a clientes telefónico,Intelecto Vocacional
DOCENTE DE ESPAÑOL SECUNDARIA,Colegio en Metepec
Profesor de ruso,VICE VERSA - MUNDO
COORDINADOR ACADEMICO DE LICENCIATURA VESPERTINO,UNIVERSIDAD MEXICANA
SENIOR OPERATIONS TECHNICIAN,Johnson & Johnson Family of Companies
Maestra de español,Colegio Nuevo Hidago S.C
PROFESORA DE FRANCES,"Agencia ""Mi profesor en casa"""
Director Académico Primaria,Talento M
Practicante,Avanos
Maestra de inglés para primaria,KRL School
Maestra de primaria,Colegio Amauta
se solicita guía montessori,CASA DE LA EDUCACIÓN
profesor de asigantura,UVM
Responsable de Primera Entrevista Integral de Protección CBI,RET INTERNATIONAL
Profesor/a - Profesora de Preescolar por hora,Se busca
LIC. EN EDUCACIÓN PARA DOCENTE PRESENCIAL,Universidad Isep
DOCENTE DE PSICOLOGÍA,CENTRO CULTURAL HEBERT ROMERO PEÑA A.C.
Profesor de Matemáticas,Setalent
Gestión de compensaciones,Universidad Técnologica de México
Auxiliar de Desarrollo Organizacional,FIBRECEN
Terapeuta de lenguaje,Avanza Centro Terapeutico
after,Randstad
"Docentes para ""Bienestar integral""",Preparatoria Tecmilenio Campus Las Torres
Líder de Equipo en Bienes Raíces,Proyect Globuss Sapi de CV
Asesor de crédito individual - Boca del río,Vision Fund México SA de CV SOFOM ENR
Gestor de cobranza domiciliaria - Orizaba,Vision Fund México SA de CV SOFOM ENR
AUXILIAR DE ALMACEN,ESCAGAS
DOCENTE DE INGLES PARA PRIMARIA,INSTITUTO BILINGUE IMAGINACION Y CULTURA A.C.
"Docentes para ""Information Technologies"" (Arduino)",Preparatoria Tecmilenio Campus Las Torres
MAESTRO DE MATEMATICAS POR HORAS,SERVICIO NACIONAL DE EMPLEO SAN LUIS POTOSÍ
Gruista,Human Quality
team leader,Randstad
Asesor de crédito - Cuautla,Vision Fund México SA de CV SOFOM ENR
Líder de Recursos Humanos,
Asesor de crédito individual - San felipe del progreso,Vision Fund México SA de CV SOFOM ENR
Asesor Educativo En Promoción,Cetys Universidad
Mantenimiento y limpieza a taller general,TRACSA SAPI DE CV
Docente de Valoración clínica del adulto y adulto mayor II,Universidad La Salle Oaxaca
inside sales specialist,Randstad
Profesor de primaria,Colegio San Sebastián
Auxiliar de maestro en Aluminio,CRBRO Atracción de talento
Coater - 56,Vishay Intertechnology Inc
Entrenador deportivo- sPORTICA CELAYA,SPORTICA
systems support and resolution specialist,Randstad
Maestro Albañil,ZICA CONSTRUCCIONES SA DE CV
Operario - Planta de tratamiento,Evolution Consulting Group
ayudantes generales / soldadores,GRUPO FERNANDEZ
PROFESORA DE JAPONES NATIVA.,Smart Teaching
Montacarguista,Human Quality
"Profesor de Tiempo Completo, Escuela de Administración Y Neg...",Cetys Universidad
Auxiliar de seguridad interna,SEPSA S. A de C. V.
AUXILIAR DE RECORRIDO,SEPSA S. A de C. V.
Docente de Inglés primaria baja,Colegio Marcelina de Querétaro
Docente de Inglés Primaria alta,Colegio Marcelina de Querétaro
Hub Driver,AutoZone
PROFESORA DE JAPONES AVANZADO.,Smart Teaching
aux de limpieza,DISTRIBUIDORA TAMEX SA DE CV
auxiliar de limpieza,Randstad
DOCENTE PARA MAESTRIA EN ANALITICA DE MERCADOTECNIA,Universidad Tecnológica de México Campus Toluca
DOCENTE LIC. MEDICINA,UNIVERSIDAD UNIVER
Docente de Gestión del Cuidado de Enfermería,Universidad La Salle Oaxaca
AUDITOR DE CILINDROS,Linde Gas
Asesores Educativos,Corporativo ICEP CASSEROLE
Movedor de Resinas.,"Plasticus, S.A. de C.V."
Asesor de crédito grupal - Tijuana,Vision Fund México SA de CV SOFOM ENR
Docente de Proceso de Enfermería y tecnologías para el cuida...,Universidad La Salle Oaxaca
Auditor de Calidad,Kidde Matamoros
Docente de literatura,Clases EDUCERE
LIMPIEZA DE DEPARTAMENTOS.,GRUPO PRIVADO S.A DE C.V.
Maestra de Primaria,Exclusivas Jade Internacional SA de CV
"Profesores de Inglés, Francés, Alemán, Japonés, Italiano",Academia Europea
Jefe de Compras,GRUPO PACIFIC
GERENTE COMERCIAL EXPERIENCIA EN VENTA DE PRODUCTOS PARA CON...,hooman
Residente de Construcción,CUAR CONSTRUCTORES ASOCIADOS S.A. DE C.V.
RESIDENTE DE CONSTRUCCIÓN,DOQUIMTA
Aprendiz Ingeniería Data Center,Epsilon Data Center
Residente de Seguridad e Higiene/Exp.Indispensable en la Con...,"EULEN MEXICO DE SERVICIOS, SA DE CV"
Especialista en Seguridad e Higiene en la Construcción/CDMX,"EULEN MEXICO DE SERVICIOS, SA DE CV"
JEFE DE TRÁMITES PARA EMPRESA CONSTRUCTORA,Consultoria Sanchez Colin
Becario en Maquinas y Herramientas (Matutino),Aceros Industriales Tuvace
Community Manager,Sensei Media
Gerente de Construcción,EOS Project México
COMMUNITY MANAGER - GIRO SKINCARE,LDM
(MX) INGENIERO DE PROCESO JR.,CEMEX
ASESOR INMOBILIARIO,DE&CA BIENES RAÍCES
Paramédico de Construcción,Desarrollo
Encargado de Compras,Ingenieria Industrial GSM S.A de C.V.
INGENIERO ELECTRICO EN PROYECTOS,HANOLL INGENIERIA Y CONSTRUCCION SA DE CV
Encargado de recibo Materiales de construcción,PERFILES Y ACEROS CUAJIMALPA SA DE CV
Administrador de Maquinaria de construcción,CAABSA EDIFICACIÓN SA DE CV
SUPERINTENDENTE DE OBRA,CONSTRUPLAN
Customer Success Specialist,Solucionet
"COORDINADOR COMERCIAL // GIRO CONSTRUCCIÓN, OBRAS, MAQUINARI...",Andamios Amarillos
Subgerente de Ventas en Construccion,Sodimac
Ejecutivo de Ventas (Acabados de Construcción),Maderas Finas Studio
Ejecutivo de Reclutamiento y Selección,CIUDAD MADERAS
Ingeniero Eléctrico,Ingenieria Industrial GSM S.A de C.V.
Comprador,Mer Group México
ANALISTA DE CALIDAD,CARTER'S
Técnico de seguridad vertical,POSTENSA
Maestro Albañil,SELECSA
Asistente de Ventas,Importante Empresa de Construcciones Refrigeradas
Administrador de Obra,GRUPO VGI INMOBILIARIA
GERENTE DE VENTAS MEXICO Y CENTROAMERICA,EGAMASTER S.L.
Verificador,Grupo Delmex S.A. de C.V.
Ayudante General,PPG Industries
Dibujante Jr. de Diseño Estructural,AECOM
Gerente de Compras (Exp en acabados de construcción),ENLACE LABORAL
SUPERVISOR GENERAL DE OPERACIONES,TMS INTERNATIONAL
Coordinador de Seguridad e Higiene,GRUPO ZORRO ABARROTERO
Pasante de Ingeniería,igm construction
AYUDANTE GENERAL - CANCÚN Sector Construcción,Andamios Ultra Ecológicos S.A. de C.V.
Empresa internacional dedicada a la manufactura de maquinari...,Page Personnel México
DEPARTAMENTO DE CADENA DE SUMINISTRO,CBD GROUP
SUPERVISOR DE ALMACÉN DE PRODUCTO TERMINADO,CARTER'S
Auxiliar administrativo,Holcim
Coordinador de Compras,Pyramida
Auxiliar de Limpieza,Z&M INGENIERIA S.A DE C.V.
Analista de IMSS,Fermaca
Ingeniero Topógrafo,ARSANGO CONSTRUCCION
SUPERINTENDENTE DE OBRA(GAS L.P.),SOLUCIONES EN RECURSOS HUMANOS
Prospectador experiencia en el ramo acero o construcción,ACEROS OCOTLAN SA DE CV
auxiliar de trafico,MaxiObras del Norte
Comprador Sr.,ABCO S.A. de C.V.
Ingeniero Geotecnista,CONSTRUTECNIA
Analista de Control de Calidad,ADHESIVOS SAN CRUZ S.A DE C.V
Ingeniero de Procesos,Whirlpool Corporation
Superintendente de Calidad,Trinity Industries
SE SOLICITA VENDEDORES DE MATERIALES DE CONSTRUCCIÓN,Linoleum y Recubrimientos S.A. de C.V.
(MX) ASESOR DE SERVICIO DE DESPACHO_Michoacan,CEMEX
Dibujante Proyectista,RGT Ingeniería
Asistente Administrativa,CIUDAD MADERAS
"Ejecutivo de Cuenta (COMERCIAL, INDUSTRIA: CONSTRUCCIÓN)",Chrom
SUPERVISOR DE INVENTARIOS SALIENTES,CARTER'S
Supervisor de Produccion,Trinity Industries
SE SOLICITA VENDEDOR DE MATERIALES DE CONSTRUCCIÓN EN PÉRIFE...,La Nueva Avenida S.A de C.V
Gerente de Proyectos Clientes,Trinity Industries
ATENCIÓN A CLIENTES,CONSTRUCTORA CESVIN
CHOFER TRES Y MEDIA,PLAFORAMA PANEL REY
AYUDANTE DE REPARTO,SURTIDORA DE MATERIALES MAXUXAC
CHOFER,Q-BICA CONSTRUCCIONES S de RL de CV
Operador de tractocamión (dolly),CAABSA EDIFICACIÓN SA DE CV
Vendedor Comisionista,Ferremayoreo de Occidente
EJECUTIVO DE VENTAS,KM Headhunters de Mexico
soldador argonero,Grupo Eulen
OPERADOR/CHOFER 3 Y MEDIA,PLAFORAMA PANEL REY
CHOFER REPARTIDOR,PLAFORAMA
VENDEDORES DE CAMPO (ILUMINACIÓN),soluciones rh
CHOFER,Pylsa acero sa de cv
ejecutivo de ventas (Ramo ferretero),REK MC
Ejecutivo de Ventas,Macizo
operador de equipo de corte,CONSTRUCCIONES DEL BAJIO SP
empleada de mostrador,SOLUCIONES EFECTIVAS EN RECURSOS HUMANOS
EJECUTIVO DE VENTAS,S&M CONSULTORIA
tecnico instalador,STL MEXICO
Auxiliar de Almacén,KURODA NORTE S.A. DE C.V.
Tecnico en mantenimiento en maquinaria pesada,EPA Laboral
Ayudante general,"THOUSAND INTERNATIONAL COMPANIES, S.A. DE C.V."
mecanico diesel,CONSTRUCCIONES VELAZQUEZ Y ASOCIADOS
Chofer descargador,CEMENTOS CRUZ AZUL
Chofer de Trailer,Vitae Reclutamiento
Operador Grúa 45 toneladas,CAABSA EDIFICACIÓN SA DE CV
Chofer de camioneta y Chofer de Rabon,Vitae Reclutamiento
CHOFER 3.5 TONELADAS,PLAFORAMA
Chofer de camioneta 3 1/2 a 5ton.,Vitae Reclutamiento
Ejecutivo de ventas a distribuidor,TALENTO ESTRATEGICO
AYUDANTE DE ALMACEN-ZAPOPAN,Atracción de Talento
Asesora Comercial de Sucursal,Enlace Laboral
Chofer de Torton,Vitae Reclutamiento
Ejecutiva de ventas,Princival RH
Mecanico - maquinaria ligera para la construcciòn,Conexion Laboral
chofer repartidor,FERREMART MATERIALES SA DE CV
Chofer almacenista,Pet Matriz
Operador de grúa,CAABSA EDIFICACIÓN SA DE CV
chofer repartidor,CONSORCIO DE MATERIALES
chofer repartidor,Red Ring
AUXILIAR TÉCNICO DE FIBRA OPTICA,TELSA SOLUTIONS
Técnico en Mantenimiento Equipo Diesel,Tecnoindustries
Operador de Tractocamión,CAABSA EDIFICACIÓN SA DE CV
Chofer de Rabon,Vitae Reclutamiento
OPERADOR DE CAMION FULL,CEMEX OPERACIONES MÉXICO
"Vendedor, atención al cliente",TRANSFORMADORA AIA
Ingeniero de Proyectos Jr,BIOFARMA NATURAL CMD
"GERENTE DE OPERACIONES (logística, Zapopan)",EVC Consultores
SUPERINTENDENTE DE OBRA,CORPORTATIVO GRULOP
SUPERVISOR,DICSSA
Comprador Jr.,Fortezza Construcciones
Ejecutivo Telefonico CONTRATACIÓN INMEDIATA,Bento Internacional
Solicito auxiliar general para Farmacia y Abarrotes,Farmacia y Abarrotes A&O
AGENTE DE ATENCION Y SOPORTE (SUCURSALES),Farmacias Roma
Empleado de mostrador,Grupo Reyes - Farmacias Similares
VENDEDOR DE FARMACIA,GRUPO FARRAM
Comprador Jr.,FARMACIAS GI Corporativo
AUXILIAR DE FARMACIA,LABORATORIO PISA
Optometrista - Farmacia París,GRUPO DEVLYN
ANALISTA DE LABORATORIO FISICOQUIMICA /MICROBIOLOGIA NAUCALP...,Procter & Gamble
Químico Auxiliar de Farmacia,DISUR
Gerente de Farmacia,Farmacias del Ahorro
Ingeniero en Alimentos / Ingeniero químico o a fin,Alicoin S.A
AUXILIAR DE FARMACIA,RH WORK
AUXILIAR DE FARMACIA,GRUPO PISA
Supervisor de Farmacia,Reina Madre Clinicas de la Mujer
vendedor de farmacia,SERVICIOS OPERACIONALES BENAVIDES SA DE CV
Subgerente de Farmacia,FARMACIAS BENAVIDES
Representante de Ventas en Farmacia - Iztapalapa,FARMACOS NACIONALES SA DE CV
VENDEDOR DE FARMACIA MULTIFUNCIONAL,GRUPO FARRAM S.A DE C.V.
vendedor de farmacia,"Grupo Reyes, Farmacias Similares"
Auxiliar de Farmacia,FarmaSana
Gerente de Farmacia,FARMACIAS BENAVIDES
Coordinador de Distribución,Farmacia San Pablo
COORDINADOR FAMACIA,Hospital Angeles Metropolitano
Auxiliar de farmacia,CIRCULO DE LA SALUD
empleada de mostrador,FARMACIAS FAMILIARES
Costumer service / logistica y embarques,TALENTO SOLUCIONES
QFB ASUNTOS REGULATORIOS,LABORATORIO PISA
"Auxiliar de almacén (Fármacos, insumos médicos, equipo médic...",SERVICIOS EMPRESARIALES CONEXION HUMANA S.C.
Vendedor de Farmacia / Medio tiempo / Tlalnepantla,FARMACIAS GI Corporativo
AUXILIAR DE FARMACIA SUC CAPISTRANO,farmacias la Generosa
VENDEDOR DE MOSTRADOR (FARMACIA ),FARMACIA SUSTANCIAS ACTIVAS
Auxiliar A Perfumería y Farmacia,SORIANA 0547 PANTITLAN
AUXILIAR FARMACIA VIDRIERA,Christus Muguerza Sistemas Hospitalarios
Atencion al cliente,Job Fit
Auxiliar de Crédito y Cobranza,FARMACOS NACIONALES SA DE CV
AUXILIAR DE FARMACIA,PRESTADORA SERVICIOS ADMON DE FARMACIAS
AUXILIAR DE FARMACIA,City Market Lomas de Chapultepec
SUPERVISOR,PRESTADORA SERVICIOS ADMON DE FARMACIAS
vendedor de farmacia,FARMA LIVE (GRUPO OFASA)
AUXILIAR DE FARMACIA,DESPACHO CONTADORES CERVANTES
SubGerente,GRUPO PARISINA
Vendedor a detalle,GEPP
AUXILIAR DE FARMACIA SUCURSAL LAS TORRES SATELITE,San Pablo Farmacia
Lider de Proyecto,TIENDAS NETO
Auxiliar de farmacia Nocturno,FARMACIAS ESPECIALIZADAS
REPRESENTANTE DE VISITADOR MEDICO,LAB PISA SA DE CV
auxiliar de farmacia,CHG HOSPITALES
Ingeniero Químico,Grupo Basicos
"SUBGERENTE DE TIENDA $8,400 A $11,000 / CHAPULTEPEC",SUPER MAYOREO NATURISTA S.A DE C.V
vendedor de farmacia,Grupo axda
SUPERVISOR DE CALIDAD (FARMACOS),OPERQUIM OPERADORA QUIMICA SA DE CV
Promotor de farmacia Mayorista,Ape Promotores Especializados SA de CV
Medico General,Farmacias Roma
REPRESENTANTE DE VENTAS -PHARMA,CubriendoVacantes
Vendedor de Farmacia,Farmacias la Generosa
Auxiliar Administrativo de Trafico Temporal,FARMACOS NACIONALES SA DE CV
Comprador Jr.,Farmacias Gi
Líder de licitacioness,GRUPO HS CAPITAL HUMANO
"Subgerente de Farmacia ""Plaza Mundo E""",Farmacias Benavides
EJECUTIVO DE FARMACIA,Bumeran
AUXILIAR DE FARMACIA TURNO VESPERTINO EN BOSQUES DEL LAGO,San Pablo Farmacia
Auxiliar de Farmacia,Medical Life
SUPERVISOR DE FARMACIA,"LABORATORIOS PISA, S.A DE C.V."
REPRESENTANTE DE VENTAS,LAB PISA SA DE CV
Visitador Médico,LAB PISA SA DE CV
Inspector de Calidad,IUISA SA DE CV
auxiliar de farmacia,FARMACIA SY
Empleado de mostrador Telcel Cerca LAS ANTENAS,A-Móvil
Empleado de mostrador,"Grupo Reyes, Farmacias Similares"
Jefe de Almacén y Operaciones,Path Logistic
Coordinación de Calidad (Farmacéutica),DHL Supply Chain
VENDEDOR DE FARMACIA MIXCOAC,Farmacias Similares
Coordinador de proyecto (Farmacias),SERVICIOS MEDICOS
Vendedor de Farmacia CUAUTITLAN IZCALLI,FARMACIAS BENAVIDES
CAJERO DE FARMACIA * HUIXQUILUCAN**,Farmacias Similares
Vendedor de Farmacia / Medio tiempo / Bosques de Aragón,FARMACIAS GI Corporativo
Gerente de Tienda,Go Mart
Representante de Ventas,GRUPO PISA
Gerente de Sucursal,Go Mart
Técnico en enfermería,DISUR
GERENTE DE FARMACIA ZONA PRADO NORTE,FARMACIAS BENAVIDES
VENDEDORES CON EXPERIENCIA EN FARMACIA PARA EDO MEX,FARMACIAS DE SIMILARES SA DE CV
VENDEDOR DE FARMACIA METRO ERMITA,Farmacias Similares
AUXILIAR DE ATENCION A CLIENTES,PRESTADORA DE SERVICIOS LOS REMEDIOS
Empleada de mostrador farmacia,Farmacias el Fénix del Centro S. A. de C. V.
Gerente Aguascalientes,SUPER MAYOREO NATURISTA S.A DE C.V
"""Jefe de Unidad Tlalnepantla""",Medical Life
JEFE DE PISO EN MIGUEL HIDALGO,GO MART
Responsable Sanitario,Enterprise Verification And Evaluation S.C.
promotora autoservicio,PiSA Farmacéutica
Cajero para Farmacia en Tenango,Farmacias del Ahorro
AUXILIAR DE FARMACIA,BODEGA AURRERA
Representante de Visita Medico,LAB PISA SA DE CV
GERENTE DE TIENDA EN CENTRO CDMX,GO MART
Auxiliar de Farmacia,Adecco
Jefe de Control de Calidad,Ciencia Desarrollo e Innovación S.A. de C.V.
Coordinador médico Jr,SERVICIOS MEDICOS
AUXILIAR DE FARMACIA POR HORAS -- SUCURSAL GRAN SUR IMÁN,Farmacias San Pablo
MEDICO,Farmacias Benavides
Medico General Vespertino Taxqueña,PHARMACLUB SA DE CV
Medico General,100% FARMA
Medico General,FarmaMia
Medico General lunes a viernes,Farmacia de genéricos GM
Guardia de seguridad privada ZONA CUAUTITLÁN,Grupo IPS
MEDICO GENERAL (Rioverde Centro),COMERCIALIZADORA FARMACEUTICA DE CHIAPAS
REPARTIDOR EN MOTO SUCURSAL BOSQUES DEL LAGO IZCALLI,San Pablo Farmacia
REPARTIDOR EN MOTO SUCURSAL NICOLAS ROMERO,San Pablo Farmacia
Motociclista / Repartidor,FARMACIAS GENESIS
MEDICO FAMILIAR PARA ATENCIÓN DE PRIMER CONTACTO,Farmacias del Ahorro
chofer repartidor,Farmacias del Mayab
CHOFER - ALMACENISTA.,FARMACIAS DEL BAZAR
Promotor de Campo Telcel - Zona Cuernavaca,"CENTRO CELULAR, S.A DE C.V"
Auxiliar de Mantenimiento / Experiencia mínima.,Farmacias del Ahorro
Medico General,Medical Life
Medico General (GENERA BONOS POR CONSULTAS),Farmacias del Ahorro
Medico General Turno vespertino Taxqueña (metro Culhuacán...,Psicofarma
"Cajero, vendedor turno NOCTURNO",Farmacias del Ahorro
Medico General 4hrs/ Cd Juarez/ Contratación Inmediata,FARMACIAS BENAVIDES
MEDICO PARA CONSULTORIO EN FARMACIA,Farmacias del Ahorro
Medico para Barranca del Muerto,Farmacias del Ahorro
Medico General,Farmacias Amor y Salud
ENFERMERA C HOSPITALIZACION,Christus Muguerza Sistemas Hospitalarios
ENFERMERA C URGENCIAS,Christus Muguerza Sistemas Hospitalarios
MEDICO PARA ZONA CENTRO RIOVERDE SLP,Farmacias del Ahorro
MÉDICO GENERAL TIEMPO COMPLETO ZONA IZTAPALAPA CDMX $18100,Farmacias del Ahorro
REPARTIDOR EN MOTOCICLETA,FARMACIAS DEL AHORRO TUXTLA
REPARTIDOR DE VARIOS EN MOTOCICLETA,FARMACIAS DEL AHORRO
Cajero Vendedor San Juan Bosco,COMERCIALIZADORA FARMACEUTICA DE CHIAPAS S.A. DE C...
¡Cajero/Vendedor por Plaza Galerías! Apoyo de $80 pesos diar...,Farmacias del Ahorro
ENFERMERA B HEMODIALISIS VIDRIERA,Christus Muguerza Sistemas Hospitalarios
Cajero Vendedor Turno Fijo,Farmacias del Ahorro
Medico General Juriquilla,"Farmacias Benavides, SAB de CV"
ENFERMERA C HEMODIALISIS SUB,Christus Muguerza Sistemas Hospitalarios
ENFERMERA ESPECIALISTA CIRUGIA,Christus Muguerza Sistemas Hospitalarios
¡Cajero/Vendedor por Mariano Otero y Paseos del Sol!,Farmacias del Ahorro
REPARTIDOR EN MOTO SUCURSAL SATELITE,San Pablo Farmacia
Cajero vendedor Turno fijo (te ubicamos cerca a tu domicilio...,Farmacias del Ahorro
ENFERMERA C CIRUGIA,Christus Muguerza Sistemas Hospitalarios
Cajero Multifuncional Valle de Bravo Turno Mixto 12-8 pm,Farmacias del Ahorro
ENFERMERA ESPECIALISTA CIRUGIA VIDRIERA,Christus Muguerza Sistemas Hospitalarios
MEDICO,COMERCIALIZADORA FARMACEUTICA DE CHIAPAS
Repartidor de Servicio a Domicilio,Farmacias del Ahorro
MEDICO para consulta en Farmaceutica,Farmacias del Ahorro
Repartidor en moto - Zona Queretaro,Farmacias del Ahorro
Medico General para laborar en San Luis Potosí,COMERCIALIZADORA FARMACEUTICA DE CHIAPAS
"SUBGERENTE DE TIENDA $8,400 A $11,500 / CUERNAVACA CENTRO",SUPER MAYOREO NATURISTA S.A DE C.V
Analista de Microbiología QFB,PiSA Farmacéutica
Supervisor de promotoria (Farmacia) ZONA SUR,Grupo Prom
Representante Médico CDMX,Beiersdorf México SA
Fotografia de Producto,Coadmon
Diseñador Gráfico,Dixum Marketing
Editor de video,Don Edgar Barberia
Realizador Noticiero,Grupo Multimedios
Asistente de Producción,Grupo Multimedios
Social Media and Retail Manager,MODEL ART SPA
Editor de formatos,Babel International Translators
Técnicos en Gestión y Análisis Geográficos,Grupo Eypo
Diseñador Gráfico,RESTAURANTE ARGENTINO
Auxiliar de Marketing Digital - Bilingüe,MultiLatin Background Screening
Fotógrafo,Epicland
DISEÑADOR GRÁFICO DE APLICACIONES,J2E soluciones
EXPERTO E-COMMERCE,nucleo-th
Content Marketing,Dinnovation Group
Diseñador Gráfico,Corrugated Box EquipmentLLC
Sales Assistant / Marketing,CRM SYNERGIES MEXICO SA DE CV
Analista de Marketing Digital con experiencia,AM ROMA Y CIA S.A. DE C.V.
Recepcionista Asistente,Century 21 México
Editor literario Sr,CEEAD A.C.
Analista Marketing Digital,Softec SC
Marketing Digital,BOB Logistics SERVICIO LOGISTICO Y MOVILIDAD URBAN...
Analista de Comunicación,Magna International Inc.
Diseñador Gráfico,Kidam
Ecommerce Manager,Wang S.A de C.V.
Becarios para Área de Video y Edición,
Community Manager,IMPULSA INMUEBLES
Becario de Marketing o Comunicación/ fecha estimada de egres...,Evenplan
Asistente de Marketing,URBAN WEB
Diseñador Gráfico,ROVIEL
Copywriter con Ingles Avanzado,Grupo Regio
Diseñador UI,INMERSYS
Ventas on line,LOOKSPORT
Auxiliar de Mercadotecnia,LABORATORIO SANTO DOMINGO
Gestor de cobranza,Medimarcas Sa de CV
Especialista de Marketing Digital,Lazu Recourses
Diseñador Industria/ Interiores,BillaGonz
Coordinador de Marketing Digital,Asociación Hipotecaria de México
Creador de contenidos,Pegasus Control Technology Park
Diseñador Gráfico Jr.,Shot Estudio
Diseñador Grafico para Ecommerce Tienda Online,SHOPEANDO / BORDERLESS
DISEÑADOR (A) GRAFICO,Hilos Modiz
Diseñador Gráfico Jr.,APPCROM SA DE CV
Becario de Marketing y Comunicación,Brivé Soluciones
Community Manager,Experiencias Capital Humano
Diseñador Web Manejo de Ecommerce,Sinergia profesional
Community Manager,Perfiles Marketing
PROMOTOR SEGURO EDUCATIVO / INGRESOS ADICIONALES,Grupo Financiero Inbursa
Administrador de redes sociales,Representaciones JMP
Project Manager/Community,Reclutadora Mexico
Diseñador Grafico,C&A Moda
Realizador,Grupo Multimedios
Editor de video,Enfoques
Becario de Diseño,Segmenta S.C.
Especialista en Comunicación,Electrónica BRK de Mexico
Community Manager,AUTOMOTORES FLOVA
Diseñador Jr.,Abasto Vegano
Producción Audiovisual,LP Marketing Group
DISEÑADOR GRÁFICO / PUBLICISTA DIGITAL,"TECMELAB MONTERREY, S.A. de C.V."
FREELANCE DISEÑO,THERA MEDIA
Vacante Diseñador Digital - Web,
Diseñador Gráfico,4S Real Estate
Gerente de Desarrollo,LAVORE
Community Manager Jr. Bilingüe,Senda Monarca
Community Manager,Imantika
Practicante MKT,Celekta
Diseñador integral,Marketing SR
Coordinador de Branding,SB soluciones
Diseñador Gráfico,Enfoques
Diseñador Gráfico,GOMEX VERACRUZ CORPORATIVO
Trainee de Marketing Digital,Impactum Agencia de Crecimiento
FOTOGRAFO (PROVEEDOR),JOMAR INDUSTRIAS S A DE C V
Diseñador Gráfico,PACIFIC TRAVELS
Asistente de diseño,HEALTHY PEOPLE
Realizador multimedia,3312 Agency
FOTOGRAFO- VENDEDOR,RH Lomas Travel
Ejecutivo de Telemarketing,Heiter Corporation
Diseñador,Arioac
Auxiliar de Mercadotecnia,MultiLatin Background Screening
Diseñador Gráfico,Agencia Nativo
Recepcionista con experiencia en Diseño Gráfico,Solari TT
Community Manager,GEN STEEL DE MEXICO SA DE CV
DISEÑADOR GRAFICO,SUPERTONER
Diseñador Gráfico & Mkt,Kixx México
Practicante de Diseño Gráfico,Rabanousk Group
Diseñador Gráfico,One Realty Inmobiliaria
Diseñador Gráfico,Grupo Imperial Corporativo
Marketing Digital,Tienda Discalse
Becario de fotografia,Medimarcas Sa de CV
Diseñador Gráfico,Suite 100
Ejecutivo de Mercadotecnia,DESMEX SA DE CV
Diseñador Gráfico y Animación,Instituto de Compuingles de Oriente
Prácticas para Marketing Digital,Ecolkem
Encargado de marketing,Securlife
Instructor LIFE Semana Tec – El arte de emocionarte,Tecnológico de Monterrey
Diseñador Gráfico,Compro Espacios
Diseñador Gráfico Digital-Marketing,"Alimentos y Sazonadores Regios, S.A. de C.V."
Auxiliar de Diseño Gráfico,BTM rys
Diseñador Gráfico,Corporativo EMB
Diseñador Industrial,Cliplaboral
Practicante de Diseño Grafico,Inmovision Soluciones Inmobiliarias S.A. de C.V.
Practicante de Diseño,GRUPO PETRO
Practicante de Marketing,Aprecia Financiera
Project Manager,All Dental Clinic
auxiliar de mercadotecnia,PINAMART & KIDS DIVINE
Diseñador Gráfico,RG Laboratorios
Instructor LIFE Semana Tec – Teatro con sentido,Tecnológico de Monterrey
DISEÑADOR GRAFICO SS (Semi Senior),Corporativo Diverso Empresarial
Diseñador Gráfico,Kika Esquer Fotografía
Prácticas Profesionales - Diseño Gráfico,Fruitex de México
Reportero Comercial,UNIRADIO
Diseñador/a Gráfico,Sigala Designs
Diseñador Gráfico Jr.,Intempestivo Marketing Digital
Atracción de Alumnos / Asesoría Educativa,Universidad Nacional de estudios Avanzados UNEA
Becario para el area de foto,Medimarcas Sa de CV
Diseñador Gráfico,STAR ALIMENTOS
Becario Diseño,DP
PRACTICANTE DE COMUNICACION,GRUPO ADSERH
Becario para foto,Medimarcas Sa de CV
Becario Diseñador Grafico JR,Coporativo AUG
AUDITOR DE MEDIOS AUDIOVISUALES,ALFA NEW LIFE
Practicante de Diseño Gráfico,Security & Communication Systems S.A. de C.V.
Practicante de Diseño Gráfico,Cerveceria Principia
Practicante de Diseño Gráfico,GERICARE
Becario de fotos,Medimarcas
Auxiliar administrativa contable,Human Consulting
PRACTICANTE DISEÑO GRÁFICO Y WEB,Asesores Pymes & Contables
Practicante de Comunicación Interna.,Poly México
Editor de Video Y Motion Graphics,Grupo Consultor EFE™
Practicante de Diseño Grafico Digital,Lubricantes de América S.A. de C.V.
Redes Sociales,Mauro Saccoccini
Administrador/a de proyectos de Desarrollo de las capacidade...,UNDP
Practicante Diseño Gráfico / Mercadotecnia,RABANOUSK GROUP
Diseñador Web y Digital,New Evolution Fintess Mexico S de RL de CV
Diseñador Gráfico,Administradora de Servicios Jocri S.A. de C.V
